x(dtmb),y(dtmb),z(dtmb),psi(dtmb),theta(dtmb),phi(dtmb)
0.000000e+00,0.000000e+00,-1.450000e+00,0.000000e+00,-0.000000e+00,0.000000e+00
1.466587e-01,4.308063e-04,-1.456290e+00,7.469309e-07,3.605868e-04,8.764938e-05
5.830469e-01,1.809327e-03,-1.475602e+00,3.467261e-06,1.399549e-03,3.677809e-04
1.303612e+00,4.263753e-03,-1.508744e+00,8.950498e-06,3.048664e-03,8.646176e-04
2.302587e+00,7.918860e-03,-1.556668e+00,1.806882e-05,5.235415e-03,1.599946e-03
3.573920e+00,1.289331e-02,-1.620406e+00,3.176784e-05,7.884148e-03,2.592745e-03
5.111013e+00,1.929694e-02,-1.700996e+00,5.106156e-05,1.091686e-02,3.858900e-03
6.907877e+00,2.722831e-02,-1.799414e+00,7.704481e-05,1.425755e-02,5.410857e-03
8.960604e+00,3.677271e-02,-1.916531e+00,1.109196e-04,1.783686e-02,7.257306e-03
1.126330e+01,4.800049e-02,-2.053009e+00,1.539623e-04,2.158338e-02,9.402947e-03
1.381003e+01,6.096640e-02,-2.209255e+00,2.075471e-04,2.542964e-02,1.184830e-02
1.659487e+01,7.570973e-02,-2.385379e+00,2.731502e-04,2.931305e-02,1.458955e-02
1.961187e+01,9.225406e-02,-2.581159e+00,3.524235e-04,3.317657e-02,1.761895e-02
2.285506e+01,1.105980e-01,-2.796031e+00,4.477465e-04,3.696902e-02,2.092674e-02
2.631850e+01,1.307231e-01,-3.029093e+00,5.620112e-04,4.064510e-02,2.450108e-02
2.999624e+01,1.526068e-01,-3.279112e+00,6.981951e-04,4.416503e-02,2.832703e-02
3.388240e+01,1.762264e-01,-3.544538e+00,8.593574e-04,4.749394e-02,3.238634e-02
3.797110e+01,2.015585e-01,-3.823524e+00,1.049355e-03,5.060187e-02,3.669803e-02
4.225654e+01,2.285924e-01,-4.114045e+00,1.271801e-03,5.346629e-02,4.125850e-02
4.673299e+01,2.573397e-01,-4.414029e+00,1.529283e-03,5.607691e-02,4.600112e-02
5.139478e+01,2.878315e-01,-4.721230e+00,1.825155e-03,5.843486e-02,5.090037e-02
5.623632e+01,3.201404e-01,-5.032977e+00,2.163476e-03,6.054776e-02,5.596803e-02
6.125212e+01,3.543977e-01,-5.346566e+00,2.547157e-03,6.244046e-02,6.116547e-02
6.643675e+01,3.908008e-01,-5.659238e+00,2.978293e-03,6.414980e-02,6.643813e-02
7.178498e+01,4.296034e-01,-5.968606e+00,3.458128e-03,6.573068e-02,7.173549e-02
7.729178e+01,4.711007e-01,-6.273209e+00,3.987577e-03,6.726430e-02,7.704994e-02
8.295216e+01,5.156536e-01,-6.570856e+00,4.567811e-03,6.876954e-02,8.236671e-02
8.876118e+01,5.636623e-01,-6.859054e+00,5.201032e-03,7.022098e-02,8.766378e-02
9.471409e+01,6.155030e-01,-7.136545e+00,5.890187e-03,7.160175e-02,9.290373e-02
1.008063e+02,6.714987e-01,-7.403393e+00,6.639980e-03,7.289839e-02,9.806563e-02
1.070334e+02,7.320069e-01,-7.659592e+00,7.455367e-03,7.410754e-02,1.031467e-01
1.133909e+02,7.974960e-01,-7.904168e+00,8.340921e-03,7.524332e-02,1.081905e-01
1.198746e+02,8.684301e-01,-8.136733e+00,9.301775e-03,7.631439e-02,1.132317e-01
1.264803e+02,9.453233e-01,-8.356981e+00,1.034240e-02,7.733920e-02,1.182973e-01
1.332041e+02,1.028217e+00,-8.569392e+00,1.147487e-02,7.823437e-02,1.233376e-01
1.400419e+02,1.118237e+00,-8.768688e+00,1.269371e-02,7.913857e-02,1.284656e-01
1.469898e+02,1.215996e+00,-8.955237e+00,1.400245e-02,8.006711e-02,1.337070e-01
1.540441e+02,1.322147e+00,-9.129502e+00,1.540418e-02,8.103757e-02,1.390938e-01
1.612010e+02,1.437379e+00,-9.292090e+00,1.690142e-02,8.206793e-02,1.446535e-01
1.684569e+02,1.562175e+00,-9.445300e+00,1.850150e-02,8.312411e-02,1.504289e-01
1.758083e+02,1.697297e+00,-9.589485e+00,2.020588e-02,8.422467e-02,1.564274e-01
1.832517e+02,1.843558e+00,-9.724984e+00,2.201564e-02,8.538495e-02,1.626379e-01
1.907840e+02,2.001696e+00,-9.852841e+00,2.393424e-02,8.659898e-02,1.690661e-01
1.984017e+02,2.172452e+00,-9.974213e+00,2.596572e-02,8.785612e-02,1.757241e-01
2.061020e+02,2.356538e+00,-1.009051e+01,2.811533e-02,8.913756e-02,1.826343e-01
2.138816e+02,2.554640e+00,-1.020327e+01,3.038921e-02,9.041781e-02,1.898282e-01
2.217378e+02,2.767591e+00,-1.031324e+01,3.279069e-02,9.169003e-02,1.973147e-01
2.296676e+02,2.996236e+00,-1.042120e+01,3.532320e-02,9.294594e-02,2.051045e-01
2.376684e+02,3.241387e+00,-1.052818e+01,3.799124e-02,9.416982e-02,2.132140e-01
2.457375e+02,3.503879e+00,-1.063509e+01,4.079922e-02,9.534459e-02,2.216570e-01
2.538722e+02,3.784643e+00,-1.074235e+01,4.374993e-02,9.646121e-02,2.304420e-01
2.620701e+02,4.084729e+00,-1.084993e+01,4.684399e-02,9.752175e-02,2.395688e-01
2.703288e+02,4.405297e+00,-1.095751e+01,5.007997e-02,9.853829e-02,2.490213e-01
2.786458e+02,4.747527e+00,-1.106491e+01,5.345647e-02,9.952079e-02,2.587787e-01
2.870189e+02,5.112520e+00,-1.117238e+01,5.697463e-02,1.004648e-01,2.688407e-01
2.954458e+02,5.501380e+00,-1.128024e+01,6.063599e-02,1.013627e-01,2.792126e-01
3.039244e+02,5.915231e+00,-1.138874e+01,6.444197e-02,1.022074e-01,2.898994e-01
3.124525e+02,6.355220e+00,-1.149806e+01,6.839385e-02,1.029917e-01,3.009058e-01
3.210282e+02,6.822515e+00,-1.160831e+01,7.249272e-02,1.037084e-01,3.122362e-01
3.296494e+02,7.318306e+00,-1.171953e+01,7.673954e-02,1.043506e-01,3.238947e-01
3.383143e+02,7.843801e+00,-1.183170e+01,8.113508e-02,1.049115e-01,3.358852e-01
3.470211e+02,8.400226e+00,-1.194473e+01,8.567996e-02,1.053841e-01,3.482112e-01
3.557678e+02,8.988824e+00,-1.205846e+01,9.037461e-02,1.057617e-01,3.608760e-01
3.645529e+02,9.610855e+00,-1.217268e+01,9.521928e-02,1.060374e-01,3.738829e-01
3.733745e+02,1.026759e+01,-1.228709e+01,1.002140e-01,1.062044e-01,3.872345e-01
3.822310e+02,1.096032e+01,-1.240132e+01,1.053587e-01,1.062559e-01,4.009335e-01
3.911209e+02,1.169034e+01,-1.251497e+01,1.106530e-01,1.061850e-01,4.149822e-01
4.000426e+02,1.245896e+01,-1.262753e+01,1.160963e-01,1.059848e-01,4.293827e-01
4.089945e+02,1.326750e+01,-1.273844e+01,1.216878e-01,1.056484e-01,4.441369e-01
4.179753e+02,1.411727e+01,-1.284707e+01,1.274266e-01,1.051688e-01,4.592464e-01
4.269834e+02,1.500960e+01,-1.295274e+01,1.333113e-01,1.045390e-01,4.747125e-01
4.360175e+02,1.594583e+01,-1.305466e+01,1.393403e-01,1.037517e-01,4.905363e-01
4.450761e+02,1.692729e+01,-1.315201e+01,1.455119e-01,1.027998e-01,5.067185e-01
4.541581e+02,1.795529e+01,-1.324387e+01,1.518240e-01,1.016762e-01,5.232598e-01
4.632620e+02,1.903118e+01,-1.332928e+01,1.582740e-01,1.003734e-01,5.401602e-01
4.723867e+02,2.015626e+01,-1.340720e+01,1.648593e-01,9.888414e-02,5.574196e-01
4.815308e+02,2.133184e+01,-1.347649e+01,1.715767e-01,9.720102e-02,5.750374e-01
4.906932e+02,2.255922e+01,-1.353599e+01,1.784228e-01,9.531660e-02,5.930129e-01
4.998726e+02,2.383968e+01,-1.358442e+01,1.853936e-01,9.322346e-02,6.113448e-01
5.090679e+02,2.517449e+01,-1.362047e+01,1.924851e-01,9.091415e-02,6.300312e-01
5.182779e+02,2.656489e+01,-1.364273e+01,1.996924e-01,8.838125e-02,6.490701e-01
5.275016e+02,2.801210e+01,-1.364973e+01,2.070105e-01,8.561740e-02,6.684588e-01
5.367377e+02,2.951731e+01,-1.363993e+01,2.144340e-01,8.261529e-02,6.881941e-01
5.459852e+02,3.108168e+01,-1.361171e+01,2.219566e-01,7.936774e-02,7.082724e-01
5.552431e+02,3.270635e+01,-1.356340e+01,2.295722e-01,7.586769e-02,7.286893e-01
5.645102e+02,3.439240e+01,-1.349323e+01,2.372735e-01,7.210826e-02,7.494399e-01
5.737855e+02,3.614087e+01,-1.339939e+01,2.450534e-01,6.808280e-02,7.705187e-01
5.830679e+02,3.795277e+01,-1.327999e+01,2.529037e-01,6.378491e-02,7.919195e-01
5.923564e+02,3.982905e+01,-1.313306e+01,2.608161e-01,5.920849e-02,8.136354e-01
6.016501e+02,4.177060e+01,-1.295660e+01,2.687817e-01,5.434781e-02,8.356587e-01
6.109478e+02,4.377826e+01,-1.274850e+01,2.767910e-01,4.919756e-02,8.579812e-01
6.202485e+02,4.585281e+01,-1.250662e+01,2.848342e-01,4.375286e-02,8.805938e-01
6.295514e+02,4.799494e+01,-1.222877e+01,2.929009e-01,3.800941e-02,9.034864e-01
6.388553e+02,5.020530e+01,-1.191267e+01,3.009804e-01,3.196343e-02,9.266483e-01
6.481592e+02,5.248444e+01,-1.155601e+01,3.090613e-01,2.561184e-02,9.500682e-01
6.574623e+02,5.483285e+01,-1.115642e+01,3.171321e-01,1.895222e-02,9.737335e-01
6.667635e+02,5.725091e+01,-1.071150e+01,3.251808e-01,1.198292e-02,9.976311e-01
6.760618e+02,5.973892e+01,-1.021880e+01,3.331951e-01,4.703140e-03,1.021747e+00
6.853563e+02,6.229711e+01,-9.675811e+00,3.411624e-01,-2.887078e-03,1.046066e+00
6.946461e+02,6.492558e+01,-9.080029e+00,3.490698e-01,-1.078674e-02,1.070573e+00
7.039301e+02,6.762437e+01,-8.428963e+00,3.569035e-01,-1.898698e-02,1.095274e+00
7.132079e+02,7.039184e+01,-7.730813e+00,3.646471e-01,-2.736195e-02,1.119771e+00
7.224795e+02,7.322373e+01,-7.017037e+00,3.722535e-01,-3.540080e-02,1.142476e+00
7.317439e+02,7.611921e+01,-6.298790e+00,3.796671e-01,-4.282094e-02,1.163130e+00
7.409994e+02,7.907962e+01,-5.570725e+00,3.868375e-01,-4.952641e-02,1.182141e+00
7.502451e+02,8.210605e+01,-4.825494e+00,3.937374e-01,-5.549383e-02,1.199798e+00
7.594804e+02,8.519772e+01,-4.069271e+00,4.003469e-01,-6.059739e-02,1.216129e+00
7.687052e+02,8.835265e+01,-3.317701e+00,4.066576e-01,-6.466850e-02,1.230992e+00
7.779192e+02,9.157061e+01,-2.571574e+00,4.126539e-01,-6.766367e-02,1.244387e+00
7.871221e+02,9.484998e+01,-1.842031e+00,4.183351e-01,-6.949401e-02,1.256227e+00
7.963137e+02,9.818962e+01,-1.136884e+00,4.236911e-01,-6.999553e-02,1.266441e+00
8.054933e+02,1.015888e+02,-4.582114e-01,4.287160e-01,-6.908913e-02,1.275038e+00
8.146606e+02,1.050463e+02,1.882705e-01,4.334102e-01,-6.675188e-02,1.281918e+00
8.238158e+02,1.085601e+02,7.915174e-01,4.377753e-01,-6.299726e-02,1.286962e+00
8.329593e+02,1.121278e+02,1.340162e+00,4.418101e-01,-5.788206e-02,1.290393e+00
8.420918e+02,1.157474e+02,1.824402e+00,4.455105e-01,-5.147787e-02,1.292515e+00
8.512140e+02,1.194168e+02,2.236794e+00,4.488704e-01,-4.384832e-02,1.293631e+00
8.603262e+02,1.231340e+02,2.571964e+00,4.518839e-01,-3.505397e-02,1.294031e+00
8.694289e+02,1.268972e+02,2.825827e+00,4.545509e-01,-2.518277e-02,1.294042e+00
8.785227e+02,1.307043e+02,2.995247e+00,4.568825e-01,-1.438123e-02,1.294095e+00
8.876077e+02,1.345542e+02,3.084883e+00,4.588956e-01,-2.834426e-03,1.294347e+00
8.966839e+02,1.384455e+02,3.101531e+00,4.606223e-01,9.219515e-03,1.294939e+00
9.057520e+02,1.423747e+02,3.028196e+00,4.621250e-01,2.154956e-02,1.296575e+00
9.148121e+02,1.463397e+02,2.862077e+00,4.634516e-01,3.399092e-02,1.299364e+00
9.238641e+02,1.503389e+02,2.604904e+00,4.646496e-01,4.635936e-02,1.303398e+00
9.329083e+02,1.543705e+02,2.257558e+00,4.657736e-01,5.840779e-02,1.308998e+00
9.419446e+02,1.584334e+02,1.830440e+00,4.668783e-01,6.975653e-02,1.316342e+00
9.509727e+02,1.625267e+02,1.336431e+00,4.680176e-01,8.002827e-02,1.325556e+00
9.599935e+02,1.666481e+02,7.706307e-01,4.692359e-01,8.908008e-02,1.336912e+00
9.690066e+02,1.707966e+02,1.453382e-01,4.705538e-01,9.673266e-02,1.350473e+00
9.780120e+02,1.749713e+02,-5.286035e-01,4.719840e-01,1.028456e-01,1.366298e+00
9.870097e+02,1.791709e+02,-1.242058e+00,4.735297e-01,1.073178e-01,1.384420e+00
9.959999e+02,1.833948e+02,-1.983675e+00,4.751815e-01,1.100957e-01,1.404820e+00
1.004983e+03,1.876420e+02,-2.741227e+00,4.769193e-01,1.111724e-01,1.427452e+00
1.013958e+03,1.919119e+02,-3.501256e+00,4.787127e-01,1.105950e-01,1.452229e+00
1.022926e+03,1.962039e+02,-4.249634e+00,4.805251e-01,1.084565e-01,1.479033e+00
1.031888e+03,2.005173e+02,-4.972790e+00,4.823181e-01,1.048718e-01,1.507707e+00
1.040843e+03,2.048515e+02,-5.658791e+00,4.840536e-01,9.995540e-02,1.538064e+00
1.049794e+03,2.092057e+02,-6.297806e+00,4.856937e-01,9.381259e-02,1.569893e+00
1.058740e+03,2.135791e+02,-6.882294e+00,4.871993e-01,8.655183e-02,1.602945e+00
1.067682e+03,2.179715e+02,-7.427701e+00,4.885240e-01,7.803360e-02,1.637490e+00
1.076621e+03,2.223829e+02,-7.937358e+00,4.896119e-01,6.833095e-02,1.673461e+00
1.085557e+03,2.268134e+02,-8.402516e+00,4.904145e-01,5.770186e-02,1.710491e+00
1.094490e+03,2.312625e+02,-8.814842e+00,4.908956e-01,4.638334e-02,1.748296e+00
1.103420e+03,2.357295e+02,-9.166105e+00,4.910337e-01,3.460726e-02,1.786611e+00
1.112347e+03,2.402135e+02,-9.447897e+00,4.908252e-01,2.261352e-02,1.825199e+00
1.121272e+03,2.447131e+02,-9.654119e+00,4.902749e-01,1.055365e-02,1.863949e+00
1.130196e+03,2.492263e+02,-9.774131e+00,4.893965e-01,-1.501175e-03,1.902590e+00
1.139120e+03,2.537500e+02,-9.792400e+00,4.882137e-01,-1.349005e-02,1.940707e+00
1.148045e+03,2.582822e+02,-9.707350e+00,4.867366e-01,-2.538289e-02,1.978229e+00
1.156971e+03,2.628211e+02,-9.517885e+00,4.849789e-01,-3.714337e-02,2.015081e+00
1.165898e+03,2.673651e+02,-9.229447e+00,4.829654e-01,-4.861816e-02,2.051116e+00
1.174827e+03,2.719132e+02,-8.849191e+00,4.807469e-01,-5.958836e-02,2.086100e+00
1.183759e+03,2.764620e+02,-8.368526e+00,4.783636e-01,-7.012313e-02,2.119922e+00
1.192693e+03,2.810109e+02,-7.801412e+00,4.758800e-01,-7.985817e-02,2.152414e+00
1.201629e+03,2.855594e+02,-7.163965e+00,4.733977e-01,-8.840722e-02,2.183449e+00
1.210568e+03,2.901040e+02,-6.446846e+00,4.709720e-01,-9.598461e-02,2.213059e+00
1.219511e+03,2.946437e+02,-5.658913e+00,4.686657e-01,-1.024592e-01,2.241388e+00
1.228457e+03,2.991788e+02,-4.817582e+00,4.665459e-01,-1.076052e-01,2.268801e+00
1.237407e+03,3.037084e+02,-3.929731e+00,4.646965e-01,-1.113843e-01,2.295434e+00
1.246362e+03,3.082309e+02,-2.998399e+00,4.631818e-01,-1.138384e-01,2.321447e+00
1.255319e+03,3.127481e+02,-2.045217e+00,4.620568e-01,-1.147837e-01,2.347567e+00
1.264279e+03,3.172606e+02,-1.084405e+00,4.613915e-01,-1.141438e-01,2.374193e+00
1.273240e+03,3.217679e+02,-1.220782e-01,4.612463e-01,-1.119626e-01,2.401368e+00
1.282203e+03,3.262712e+02,8.273656e-01,4.616501e-01,-1.082600e-01,2.429443e+00
1.291168e+03,3.307713e+02,1.753340e+00,4.626232e-01,-1.031080e-01,2.458763e+00
1.300132e+03,3.352699e+02,2.641623e+00,4.641530e-01,-9.662607e-02,2.489610e+00
1.309096e+03,3.397698e+02,3.475240e+00,4.662094e-01,-8.895721e-02,2.522146e+00
1.318059e+03,3.442707e+02,4.251441e+00,4.687881e-01,-8.021306e-02,2.556763e+00
1.327022e+03,3.487740e+02,4.959627e+00,4.718475e-01,-7.054085e-02,2.593688e+00
1.335983e+03,3.532820e+02,5.586519e+00,4.753265e-01,-6.013384e-02,2.632819e+00
1.344942e+03,3.577963e+02,6.123515e+00,4.791752e-01,-4.913055e-02,2.674292e+00
1.353899e+03,3.623170e+02,6.567412e+00,4.833592e-01,-3.761851e-02,2.718141e+00
1.362854e+03,3.668444e+02,6.914585e+00,4.878373e-01,-2.569926e-02,2.764333e+00
1.371804e+03,3.713840e+02,7.145292e+00,4.924855e-01,-1.382947e-02,2.812007e+00
1.380747e+03,3.759389e+02,7.251689e+00,4.972259e-01,-2.272044e-03,2.860629e+00
1.389684e+03,3.805112e+02,7.233169e+00,5.020045e-01,8.846244e-03,2.910038e+00
1.398614e+03,3.851022e+02,7.093837e+00,5.067692e-01,1.946777e-02,2.960353e+00
1.407536e+03,3.897135e+02,6.832912e+00,5.114683e-01,2.965949e-02,3.011535e+00
1.416451e+03,3.943470e+02,6.450690e+00,5.160415e-01,3.944617e-02,3.063490e+00
1.425357e+03,3.990036e+02,5.954746e+00,5.204143e-01,4.875418e-02,3.116270e+00
1.434254e+03,4.036841e+02,5.356579e+00,5.244917e-01,5.746183e-02,-3.113187e+00
1.443143e+03,4.083894e+02,4.649459e+00,5.281745e-01,6.567223e-02,-3.058655e+00
1.452023e+03,4.131198e+02,3.850187e+00,5.313645e-01,7.317491e-02,-3.003394e+00
1.460893e+03,4.178749e+02,2.984808e+00,5.339868e-01,7.965900e-02,-2.947911e+00
1.469752e+03,4.226538e+02,2.065783e+00,5.360005e-01,8.503956e-02,-2.892726e+00
1.478600e+03,4.274551e+02,1.106316e+00,5.374009e-01,8.927102e-02,-2.838517e+00
1.487439e+03,4.322771e+02,1.179065e-01,5.382108e-01,9.239322e-02,-2.785710e+00
1.496269e+03,4.371177e+02,-8.880765e-01,5.384732e-01,9.448823e-02,-2.734506e+00
1.505091e+03,4.419756e+02,-1.897452e+00,5.382411e-01,9.565644e-02,-2.685032e+00
1.513903e+03,4.468493e+02,-2.897552e+00,5.375719e-01,9.604873e-02,-2.637281e+00
1.522708e+03,4.517365e+02,-3.881646e+00,5.365564e-01,9.574512e-02,-2.591454e+00
1.531508e+03,4.566347e+02,-4.846709e+00,5.352881e-01,9.482102e-02,-2.547766e+00
1.540302e+03,4.615425e+02,-5.785039e+00,5.338429e-01,9.336456e-02,-2.506179e+00
1.549090e+03,4.664606e+02,-6.681705e+00,5.322377e-01,9.161398e-02,-2.466001e+00
1.557872e+03,4.713881e+02,-7.531114e+00,5.305373e-01,8.965166e-02,-2.427192e+00
1.566651e+03,4.763217e+02,-8.339562e+00,5.288691e-01,8.730410e-02,-2.390600e+00
1.575425e+03,4.812624e+02,-9.095591e+00,5.272250e-01,8.480039e-02,-2.355527e+00
1.584192e+03,4.862119e+02,-9.786808e+00,5.255831e-01,8.240520e-02,-2.321037e+00
1.592953e+03,4.911694e+02,-1.041282e+01,5.240037e-01,8.008165e-02,-2.287252e+00
1.601710e+03,4.961331e+02,-1.097786e+01,5.225744e-01,7.765810e-02,-2.254697e+00
1.610463e+03,5.011020e+02,-1.148236e+01,5.213506e-01,7.504522e-02,-2.223571e+00
1.619213e+03,5.060760e+02,-1.192440e+01,5.203634e-01,7.221807e-02,-2.193874e+00
1.627960e+03,5.110554e+02,-1.230241e+01,5.196386e-01,6.914653e-02,-2.165645e+00
1.636704e+03,5.160401e+02,-1.261544e+01,5.191993e-01,6.578305e-02,-2.138965e+00
1.645446e+03,5.210305e+02,-1.286294e+01,5.190651e-01,6.206734e-02,-2.113938e+00
1.654185e+03,5.260268e+02,-1.304450e+01,5.192502e-01,5.793871e-02,-2.090671e+00
1.662921e+03,5.310297e+02,-1.315978e+01,5.197641e-01,5.333548e-02,-2.069272e+00
1.671654e+03,5.360399e+02,-1.320828e+01,5.206114e-01,4.820236e-02,-2.049828e+00
1.680385e+03,5.410583e+02,-1.318930e+01,5.217917e-01,4.249266e-02,-2.032403e+00
1.689112e+03,5.460860e+02,-1.310194e+01,5.233015e-01,3.616912e-02,-2.017039e+00
1.697835e+03,5.511240e+02,-1.294507e+01,5.251343e-01,2.920455e-02,-2.003757e+00
1.706554e+03,5.561737e+02,-1.271738e+01,5.272818e-01,2.158215e-02,-1.992552e+00
1.715268e+03,5.612364e+02,-1.241736e+01,5.297343e-01,1.329575e-02,-1.983397e+00
1.723975e+03,5.663133e+02,-1.204331e+01,5.324815e-01,4.349719e-03,-1.976242e+00
1.732676e+03,5.714058e+02,-1.159341e+01,5.355126e-01,-5.241274e-03,-1.971017e+00
1.741370e+03,5.765152e+02,-1.106567e+01,5.388164e-01,-1.545264e-02,-1.967630e+00
1.750054e+03,5.816425e+02,-1.045802e+01,5.423817e-01,-2.625046e-02,-1.965967e+00
1.758729e+03,5.867890e+02,-9.769079e+00,5.461933e-01,-3.756402e-02,-1.965833e+00
1.767394e+03,5.919555e+02,-8.997392e+00,5.502314e-01,-4.930514e-02,-1.967006e+00
1.776047e+03,5.971417e+02,-8.152077e+00,5.544498e-01,-6.110680e-02,-1.968982e+00
1.784687e+03,6.023467e+02,-7.246452e+00,5.587689e-01,-7.249416e-02,-1.971232e+00
1.793315e+03,6.075701e+02,-6.291347e+00,5.631203e-01,-8.314481e-02,-1.973729e+00
1.801930e+03,6.128102e+02,-5.307616e+00,5.674113e-01,-9.254209e-02,-1.976345e+00
1.810531e+03,6.180673e+02,-4.305568e+00,5.715594e-01,-1.004162e-01,-1.979084e+00
1.819119e+03,6.233414e+02,-3.296412e+00,5.754885e-01,-1.065108e-01,-1.982067e+00
1.827691e+03,6.286348e+02,-2.277225e+00,5.791301e-01,-1.108118e-01,-1.985010e+00
1.836250e+03,6.339488e+02,-1.250958e+00,5.824329e-01,-1.132653e-01,-1.987887e+00
1.844794e+03,6.392840e+02,-2.248810e-01,5.853617e-01,-1.138264e-01,-1.990843e+00
1.853324e+03,6.446395e+02,7.850154e-01,5.879001e-01,-1.124735e-01,-1.994223e+00
1.861841e+03,6.500142e+02,1.763628e+00,5.900357e-01,-1.092604e-01,-1.998342e+00
1.870346e+03,6.554082e+02,2.705417e+00,5.917407e-01,-1.042442e-01,-2.003342e+00
1.878839e+03,6.608196e+02,3.593280e+00,5.930136e-01,-9.755942e-02,-2.009456e+00
1.887321e+03,6.662486e+02,4.426257e+00,5.938148e-01,-8.925305e-02,-2.016849e+00
1.895793e+03,6.716955e+02,5.203383e+00,5.941073e-01,-7.936072e-02,-2.025741e+00
1.904256e+03,6.771590e+02,5.915931e+00,5.938698e-01,-6.795104e-02,-2.036403e+00
1.912714e+03,6.826333e+02,6.529521e+00,5.931561e-01,-5.539788e-02,-2.048991e+00
1.921168e+03,6.881162e+02,7.034738e+00,5.919501e-01,-4.181326e-02,-2.063699e+00
1.929617e+03,6.936097e+02,7.445149e+00,5.901784e-01,-2.706263e-02,-2.081078e+00
1.938064e+03,6.991111e+02,7.748199e+00,5.878647e-01,-1.142384e-02,-2.101347e+00
1.946511e+03,7.046170e+02,7.929739e+00,5.850577e-01,4.718444e-03,-2.124456e+00
1.954960e+03,7.101230e+02,7.973250e+00,5.818249e-01,2.097723e-02,-2.150072e+00
1.963413e+03,7.156275e+02,7.879222e+00,5.781963e-01,3.717704e-02,-2.178409e+00
1.971872e+03,7.211273e+02,7.638570e+00,5.742029e-01,5.327281e-02,-2.209282e+00
1.980334e+03,7.266227e+02,7.267410e+00,5.698799e-01,6.895768e-02,-2.243413e+00
1.988799e+03,7.321144e+02,6.782179e+00,5.652952e-01,8.389889e-02,-2.281492e+00
1.997267e+03,7.376008e+02,6.187852e+00,5.605120e-01,9.792992e-02,-2.323850e+00
2.005738e+03,7.430788e+02,5.477765e+00,5.556146e-01,1.110122e-01,-2.370136e+00
2.014215e+03,7.485455e+02,4.648430e+00,5.506868e-01,1.230763e-01,-2.420199e+00
2.022697e+03,7.540000e+02,3.711122e+00,5.458421e-01,1.338739e-01,-2.474585e+00
2.031179e+03,7.594443e+02,2.693807e+00,5.412197e-01,1.430159e-01,-2.534125e+00
2.039661e+03,7.648779e+02,1.606903e+00,5.369955e-01,1.503592e-01,-2.598844e+00
2.048144e+03,7.702995e+02,4.546754e-01,5.333365e-01,1.558785e-01,-2.668204e+00
2.056628e+03,7.757091e+02,-7.521934e-01,5.303839e-01,1.595867e-01,-2.741595e+00
2.065114e+03,7.811063e+02,-2.004838e+00,5.282547e-01,1.615565e-01,-2.818432e+00
2.073601e+03,7.864918e+02,-3.293643e+00,5.270250e-01,1.619038e-01,-2.898069e+00
2.082091e+03,7.918667e+02,-4.607113e+00,5.267214e-01,1.607653e-01,-2.979614e+00
2.090583e+03,7.972323e+02,-5.928769e+00,5.273144e-01,1.583831e-01,-3.062084e+00
2.099075e+03,8.025907e+02,-7.242323e+00,5.287305e-01,1.550371e-01,3.138615e+00
2.107569e+03,8.079445e+02,-8.544450e+00,5.308831e-01,1.507714e-01,3.056695e+00
2.116063e+03,8.132939e+02,-9.814797e+00,5.336645e-01,1.460845e-01,2.975864e+00
2.124557e+03,8.186403e+02,-1.104476e+01,5.369357e-01,1.411841e-01,2.896541e+00
2.133050e+03,8.239871e+02,-1.223287e+01,5.405315e-01,1.360153e-01,2.819211e+00
2.141540e+03,8.293331e+02,-1.336657e+01,5.443611e-01,1.309798e-01,2.743848e+00
2.150028e+03,8.346789e+02,-1.444095e+01,5.483099e-01,1.261889e-01,2.670546e+00
2.158514e+03,8.400248e+02,-1.545085e+01,5.522887e-01,1.217661e-01,2.599058e+00
2.166996e+03,8.453718e+02,-1.639437e+01,5.561920e-01,1.176910e-01,2.529429e+00
2.175475e+03,8.507216e+02,-1.727070e+01,5.599158e-01,1.138823e-01,2.461826e+00
2.183950e+03,8.560757e+02,-1.807925e+01,5.633702e-01,1.102421e-01,2.396416e+00
2.192421e+03,8.614355e+02,-1.881951e+01,5.664818e-01,1.066625e-01,2.333358e+00
2.200887e+03,8.668021e+02,-1.949112e+01,5.691950e-01,1.030288e-01,2.272794e+00
2.209350e+03,8.721765e+02,-2.009377e+01,5.714729e-01,9.922439e-02,2.214854e+00
2.217808e+03,8.775592e+02,-2.062716e+01,5.732961e-01,9.513407e-02,2.159647e+00
2.226262e+03,8.829505e+02,-2.109094e+01,5.746619e-01,9.064798e-02,2.107262e+00
2.234712e+03,8.883504e+02,-2.148469e+01,5.755826e-01,8.566469e-02,2.057767e+00
2.243160e+03,8.937586e+02,-2.180778e+01,5.760827e-01,8.009386e-02,2.011206e+00
2.251605e+03,8.991747e+02,-2.205943e+01,5.761967e-01,7.385822e-02,1.967598e+00
2.260048e+03,9.045977e+02,-2.223858e+01,5.759661e-01,6.689502e-02,1.926938e+00
2.268491e+03,9.100270e+02,-2.234392e+01,5.754373e-01,5.915684e-02,1.889196e+00
2.276934e+03,9.154612e+02,-2.237387e+01,5.746588e-01,5.061194e-02,1.854318e+00
2.285378e+03,9.208994e+02,-2.232656e+01,5.736793e-01,4.124406e-02,1.822224e+00
2.293825e+03,9.263404e+02,-2.219987e+01,5.725459e-01,3.105198e-02,1.792811e+00
2.302274e+03,9.317829e+02,-2.199144e+01,5.713027e-01,2.004872e-02,1.765955e+00
2.310726e+03,9.372258e+02,-2.169872e+01,5.699899e-01,8.260557e-03,1.741506e+00
2.319182e+03,9.426680e+02,-2.131900e+01,5.686433e-01,-4.274140e-03,1.719298e+00
2.327643e+03,9.481084e+02,-2.084941e+01,5.672939e-01,-1.750611e-02,1.699145e+00
2.336108e+03,9.535461e+02,-2.028706e+01,5.659683e-01,-3.137650e-02,1.680846e+00
2.344578e+03,9.589802e+02,-1.962900e+01,5.646886e-01,-4.581818e-02,1.664185e+00
2.353053e+03,9.644099e+02,-1.887231e+01,5.634728e-01,-6.075705e-02,1.648934e+00
2.361532e+03,9.698344e+02,-1.801414e+01,5.623359e-01,-7.611336e-02,1.634857e+00
2.370015e+03,9.752531e+02,-1.705172e+01,5.612898e-01,-9.180300e-02,1.621713e+00
2.378501e+03,9.806655e+02,-1.598246e+01,5.603443e-01,-1.077388e-01,1.609256e+00
2.386990e+03,9.860710e+02,-1.480392e+01,5.595075e-01,-1.238317e-01,1.597240e+00
2.395481e+03,9.914691e+02,-1.351623e+01,5.587868e-01,-1.399180e-01,1.585158e+00
2.403973e+03,9.968590e+02,-1.212996e+01,5.581914e-01,-1.555437e-01,1.571753e+00
2.412464e+03,1.002240e+03,-1.065353e+01,5.577301e-01,-1.702754e-01,1.556262e+00
2.420954e+03,1.007610e+03,-9.110272e+00,5.573973e-01,-1.833626e-01,1.538679e+00
2.429441e+03,1.012969e+03,-7.512216e+00,5.571855e-01,-1.943682e-01,1.518477e+00
2.437927e+03,1.018317e+03,-5.846853e+00,5.570846e-01,-2.034097e-01,1.495606e+00
2.446411e+03,1.023653e+03,-4.130995e+00,5.570619e-01,-2.101634e-01,1.469936e+00
2.454892e+03,1.028978e+03,-2.393046e+00,5.570621e-01,-2.143333e-01,1.441649e+00
2.463371e+03,1.034291e+03,-6.459373e-01,5.570096e-01,-2.157757e-01,1.410734e+00
2.471849e+03,1.039593e+03,1.096024e+00,5.568130e-01,-2.144483e-01,1.377361e+00
2.480328e+03,1.044885e+03,2.814266e+00,5.563680e-01,-2.103920e-01,1.341913e+00
2.488808e+03,1.050168e+03,4.490175e+00,5.555654e-01,-2.037341e-01,1.304868e+00
2.497291e+03,1.055440e+03,6.105310e+00,5.543006e-01,-1.946843e-01,1.266776e+00
2.505780e+03,1.060702e+03,7.642755e+00,5.524813e-01,-1.835008e-01,1.228189e+00
2.514276e+03,1.065953e+03,9.086128e+00,5.500387e-01,-1.705054e-01,1.189685e+00
2.522782e+03,1.071191e+03,1.042093e+01,5.469284e-01,-1.560294e-01,1.151784e+00
2.531300e+03,1.076415e+03,1.163605e+01,5.431274e-01,-1.403645e-01,1.114905e+00
2.539831e+03,1.081622e+03,1.272253e+01,5.386389e-01,-1.237857e-01,1.079427e+00
2.548377e+03,1.086811e+03,1.367373e+01,5.334882e-01,-1.065281e-01,1.045679e+00
2.556940e+03,1.091979e+03,1.448557e+01,5.277138e-01,-8.875575e-02,1.013886e+00
2.565521e+03,1.097126e+03,1.515547e+01,5.213642e-01,-7.058722e-02,9.842175e-01
2.574121e+03,1.102248e+03,1.568126e+01,5.145003e-01,-5.213657e-02,9.568444e-01
2.582740e+03,1.107344e+03,1.606115e+01,5.071931e-01,-3.351490e-02,9.319405e-01
2.591380e+03,1.112413e+03,1.629376e+01,4.995212e-01,-1.482759e-02,9.096801e-01
2.600042e+03,1.117452e+03,1.637802e+01,4.915675e-01,3.828690e-03,8.902333e-01
2.608725e+03,1.122460e+03,1.631318e+01,4.834159e-01,2.236980e-02,8.737607e-01
2.617431e+03,1.127434e+03,1.609870e+01,4.751500e-01,4.072771e-02,8.604127e-01
2.626160e+03,1.132373e+03,1.573423e+01,4.668526e-01,5.885126e-02,8.503357e-01
2.634913e+03,1.137274e+03,1.521957e+01,4.586071e-01,7.670258e-02,8.436844e-01
2.643690e+03,1.142135e+03,1.455483e+01,4.504984e-01,9.424694e-02,8.406346e-01
2.652490e+03,1.146955e+03,1.374316e+01,4.426231e-01,1.113560e-01,8.414528e-01
2.661314e+03,1.151732e+03,1.278699e+01,4.350808e-01,1.279397e-01,8.463904e-01
2.670161e+03,1.156465e+03,1.169472e+01,4.279814e-01,1.437442e-01,8.557872e-01
2.679027e+03,1.161152e+03,1.048864e+01,4.214880e-01,1.581710e-01,8.701487e-01
2.687911e+03,1.165793e+03,9.181714e+00,4.157337e-01,1.709710e-01,8.895937e-01
2.696814e+03,1.170388e+03,7.786293e+00,4.108288e-01,1.819503e-01,9.141057e-01
2.705737e+03,1.174934e+03,6.295309e+00,4.068380e-01,1.912969e-01,9.438362e-01
2.714678e+03,1.179432e+03,4.730394e+00,4.037906e-01,1.986618e-01,9.782122e-01
2.723635e+03,1.183886e+03,3.111251e+00,4.016985e-01,2.037694e-01,1.016894e+00
2.732608e+03,1.188295e+03,1.442144e+00,4.005341e-01,2.065929e-01,1.059914e+00
2.741598e+03,1.192663e+03,-2.650400e-01,4.002153e-01,2.070490e-01,1.106977e+00
2.750602e+03,1.196994e+03,-1.997910e+00,4.006169e-01,2.050959e-01,1.157656e+00
2.759620e+03,1.201291e+03,-3.744407e+00,4.015828e-01,2.007187e-01,1.211595e+00
2.768651e+03,1.205559e+03,-5.495345e+00,4.029361e-01,1.939282e-01,1.268389e+00
2.777693e+03,1.209805e+03,-7.222862e+00,4.044455e-01,1.849989e-01,1.327149e+00
2.786744e+03,1.214034e+03,-8.902221e+00,4.059038e-01,1.742779e-01,1.387032e+00
2.795804e+03,1.218252e+03,-1.051635e+01,4.071456e-01,1.621165e-01,1.447328e+00
2.804870e+03,1.222460e+03,-1.204943e+01,4.080435e-01,1.489191e-01,1.507337e+00
2.813945e+03,1.226662e+03,-1.349716e+01,4.085193e-01,1.348583e-01,1.566623e+00
2.823027e+03,1.230859e+03,-1.484919e+01,4.085236e-01,1.202882e-01,1.624756e+00
2.832116e+03,1.235052e+03,-1.609594e+01,4.080419e-01,1.055317e-01,1.681360e+00
2.841213e+03,1.239240e+03,-1.722940e+01,4.070937e-01,9.092636e-02,1.736206e+00
2.850318e+03,1.243422e+03,-1.824662e+01,4.057155e-01,7.665114e-02,1.789159e+00
2.859431e+03,1.247599e+03,-1.914731e+01,4.039530e-01,6.279205e-02,1.840108e+00
2.868553e+03,1.251767e+03,-1.993159e+01,4.018601e-01,4.942295e-02,1.888964e+00
2.877684e+03,1.255927e+03,-2.059996e+01,3.994971e-01,3.660486e-02,1.935659e+00
2.886824e+03,1.260076e+03,-2.115330e+01,3.969273e-01,2.438583e-02,1.980141e+00
2.895974e+03,1.264213e+03,-2.159289e+01,3.942151e-01,1.280116e-02,2.022381e+00
2.905135e+03,1.268336e+03,-2.192037e+01,3.914239e-01,1.873992e-03,2.062362e+00
2.914306e+03,1.272444e+03,-2.213773e+01,3.886138e-01,-8.383806e-03,2.100090e+00
2.923488e+03,1.276535e+03,-2.224722e+01,3.858408e-01,-1.797065e-02,2.135583e+00
2.932681e+03,1.280609e+03,-2.225140e+01,3.831549e-01,-2.689409e-02,2.168878e+00
2.941885e+03,1.284664e+03,-2.215301e+01,3.805996e-01,-3.516962e-02,2.200025e+00
2.951101e+03,1.288699e+03,-2.195497e+01,3.782109e-01,-4.281953e-02,2.229092e+00
2.960328e+03,1.292713e+03,-2.166030e+01,3.760172e-01,-4.987175e-02,2.256157e+00
2.969566e+03,1.296707e+03,-2.127214e+01,3.740388e-01,-5.635879e-02,2.281315e+00
2.978816e+03,1.300679e+03,-2.079363e+01,3.722883e-01,-6.231679e-02,2.304671e+00
2.988078e+03,1.304629e+03,-2.022795e+01,3.707707e-01,-6.778468e-02,2.326341e+00
2.997350e+03,1.308557e+03,-1.957822e+01,3.694834e-01,-7.280332e-02,2.346453e+00
3.006634e+03,1.312465e+03,-1.884752e+01,3.684173e-01,-7.741496e-02,2.365143e+00
3.015928e+03,1.316351e+03,-1.803885e+01,3.675570e-01,-8.166251e-02,2.382554e+00
3.025233e+03,1.320216e+03,-1.715511e+01,3.668817e-01,-8.558916e-02,2.398834e+00
3.034549e+03,1.324060e+03,-1.619918e+01,3.663664e-01,-8.923320e-02,2.414133e+00
3.043875e+03,1.327885e+03,-1.517534e+01,3.659903e-01,-9.257520e-02,2.428564e+00
3.053210e+03,1.331690e+03,-1.408966e+01,3.657412e-01,-9.553700e-02,2.442244e+00
3.062554e+03,1.335478e+03,-1.294934e+01,3.656120e-01,-9.802372e-02,2.455337e+00
3.071907e+03,1.339247e+03,-1.175830e+01,3.655871e-01,-1.000653e-01,2.468037e+00
3.081268e+03,1.342998e+03,-1.052062e+01,3.656401e-01,-1.016875e-01,2.480605e+00
3.090637e+03,1.346735e+03,-9.255071e+00,3.657964e-01,-1.025144e-01,2.493367e+00
3.100013e+03,1.350456e+03,-7.964096e+00,3.660543e-01,-1.026597e-01,2.506540e+00
3.109398e+03,1.354161e+03,-6.642142e+00,3.663805e-01,-1.024041e-01,2.520237e+00
3.118791e+03,1.357851e+03,-5.297675e+00,3.667562e-01,-1.016741e-01,2.534800e+00
3.128191e+03,1.361527e+03,-3.946603e+00,3.671706e-01,-1.002809e-01,2.550764e+00
3.137597e+03,1.365192e+03,-2.600743e+00,3.676324e-01,-9.813139e-02,2.568546e+00
3.147007e+03,1.368846e+03,-1.269945e+00,3.681413e-01,-9.519109e-02,2.588442e+00
3.156421e+03,1.372491e+03,3.043759e-02,3.686889e-01,-9.139797e-02,2.610902e+00
3.165837e+03,1.376128e+03,1.286963e+00,3.692598e-01,-8.676529e-02,2.636275e+00
3.175258e+03,1.379758e+03,2.494225e+00,3.698440e-01,-8.135716e-02,2.665015e+00
3.184681e+03,1.383382e+03,3.637615e+00,3.704138e-01,-7.520864e-02,2.697103e+00
3.194106e+03,1.387003e+03,4.700254e+00,3.709346e-01,-6.840060e-02,2.732331e+00
3.203532e+03,1.390620e+03,5.680187e+00,3.714224e-01,-6.090881e-02,2.770703e+00
3.212962e+03,1.394233e+03,6.575029e+00,3.718801e-01,-5.277349e-02,2.812096e+00
3.222393e+03,1.397844e+03,7.365502e+00,3.722627e-01,-4.422629e-02,2.855690e+00
3.231823e+03,1.401458e+03,8.033064e+00,3.725339e-01,-3.551711e-02,2.900531e+00
3.241252e+03,1.405073e+03,8.574391e+00,3.727142e-01,-2.672342e-02,2.946174e+00
3.250681e+03,1.408691e+03,8.985783e+00,3.728219e-01,-1.795929e-02,2.992128e+00
3.260109e+03,1.412311e+03,9.270219e+00,3.728928e-01,-9.227598e-03,3.038184e+00
3.269537e+03,1.415932e+03,9.430598e+00,3.729546e-01,-5.328669e-04,3.084151e+00
3.278965e+03,1.419554e+03,9.470006e+00,3.730238e-01,8.096780e-03,3.129866e+00
3.288394e+03,1.423176e+03,9.392351e+00,3.731044e-01,1.659627e-02,-3.107992e+00
3.297825e+03,1.426800e+03,9.201017e+00,3.731894e-01,2.492683e-02,-3.063146e+00
3.307257e+03,1.430424e+03,8.898375e+00,3.732622e-01,3.309203e-02,-3.018854e+00
3.316691e+03,1.434048e+03,8.485107e+00,3.732972e-01,4.115723e-02,-2.975203e+00
3.326128e+03,1.437672e+03,7.963783e+00,3.732644e-01,4.911137e-02,-2.932227e+00
3.335567e+03,1.441296e+03,7.343129e+00,3.731388e-01,5.679018e-02,-2.889942e+00
3.345010e+03,1.444919e+03,6.628529e+00,3.728998e-01,6.416442e-02,-2.848514e+00
3.354454e+03,1.448542e+03,5.832144e+00,3.725371e-01,7.109896e-02,-2.808394e+00
3.363901e+03,1.452164e+03,4.963440e+00,3.720559e-01,7.752474e-02,-2.769909e+00
3.373348e+03,1.455785e+03,4.032344e+00,3.714542e-01,8.341921e-02,-2.733351e+00
3.382797e+03,1.459403e+03,3.039777e+00,3.707457e-01,8.886234e-02,-2.698917e+00
3.392249e+03,1.463017e+03,1.988722e+00,3.699375e-01,9.388274e-02,-2.666901e+00
3.401701e+03,1.466631e+03,9.047734e-01,3.690483e-01,9.822452e-02,-2.638143e+00
3.411152e+03,1.470242e+03,-2.015381e-01,3.681259e-01,1.018027e-01,-2.613082e+00
3.420603e+03,1.473852e+03,-1.318016e+00,3.672131e-01,1.045518e-01,-2.592064e+00
3.430053e+03,1.477460e+03,-2.437135e+00,3.663564e-01,1.064504e-01,-2.575056e+00
3.439500e+03,1.481068e+03,-3.543812e+00,3.655705e-01,1.075456e-01,-2.561899e+00
3.448943e+03,1.484678e+03,-4.624911e+00,3.648697e-01,1.079200e-01,-2.552117e+00
3.458383e+03,1.488288e+03,-5.679260e+00,3.643129e-01,1.075651e-01,-2.545792e+00
3.467821e+03,1.491897e+03,-6.710725e+00,3.639770e-01,1.064025e-01,-2.543423e+00
3.477255e+03,1.495508e+03,-7.701631e+00,3.638145e-01,1.046748e-01,-2.543783e+00
3.486686e+03,1.499122e+03,-8.652053e+00,3.638878e-01,1.023005e-01,-2.547008e+00
3.496113e+03,1.502738e+03,-9.561383e+00,3.642531e-01,9.921500e-02,-2.553148e+00
3.505538e+03,1.506357e+03,-1.042360e+01,3.649179e-01,9.550459e-02,-2.561685e+00
3.514959e+03,1.509981e+03,-1.123286e+01,3.658754e-01,9.129934e-02,-2.572067e+00
3.524376e+03,1.513613e+03,-1.198352e+01,3.671003e-01,8.678204e-02,-2.583702e+00
3.533786e+03,1.517255e+03,-1.267013e+01,3.685481e-01,8.218678e-02,-2.595900e+00
3.543189e+03,1.520908e+03,-1.329199e+01,3.702081e-01,7.759544e-02,-2.608427e+00
3.552586e+03,1.524573e+03,-1.385029e+01,3.720856e-01,7.301348e-02,-2.621277e+00
3.561975e+03,1.528251e+03,-1.434632e+01,3.741846e-01,6.844155e-02,-2.634452e+00
3.571357e+03,1.531943e+03,-1.478137e+01,3.765071e-01,6.387909e-02,-2.647955e+00
3.580733e+03,1.535649e+03,-1.515664e+01,3.790518e-01,5.932798e-02,-2.661780e+00
3.590101e+03,1.539371e+03,-1.547331e+01,3.818144e-01,5.479228e-02,-2.675910e+00
3.599461e+03,1.543110e+03,-1.573248e+01,3.847871e-01,5.027798e-02,-2.690318e+00
3.608814e+03,1.546865e+03,-1.593521e+01,3.879590e-01,4.579276e-02,-2.704970e+00
3.618160e+03,1.550639e+03,-1.608252e+01,3.913159e-01,4.134564e-02,-2.719822e+00
3.627497e+03,1.554431e+03,-1.617540e+01,3.948404e-01,3.694668e-02,-2.734823e+00
3.636827e+03,1.558243e+03,-1.621483e+01,3.985122e-01,3.260657e-02,-2.749914e+00
3.646148e+03,1.562075e+03,-1.620176e+01,4.023084e-01,2.833636e-02,-2.765032e+00
3.655462e+03,1.565927e+03,-1.613713e+01,4.062035e-01,2.414705e-02,-2.780107e+00
3.664766e+03,1.569801e+03,-1.602188e+01,4.101697e-01,2.004932e-02,-2.795068e+00
3.674062e+03,1.573697e+03,-1.585696e+01,4.141779e-01,1.605320e-02,-2.809838e+00
3.683350e+03,1.577615e+03,-1.564334e+01,4.181971e-01,1.216783e-02,-2.824342e+00
3.692628e+03,1.581555e+03,-1.538198e+01,4.221959e-01,8.401240e-03,-2.838503e+00
3.701898e+03,1.585519e+03,-1.507389e+01,4.261424e-01,4.760199e-03,-2.852244e+00
3.711159e+03,1.589505e+03,-1.472007e+01,4.300047e-01,1.250099e-03,-2.865492e+00
3.720411e+03,1.593515e+03,-1.432157e+01,4.337516e-01,-2.125094e-03,-2.878177e+00
3.729654e+03,1.597547e+03,-1.387946e+01,4.373532e-01,-5.362844e-03,-2.890233e+00
3.738888e+03,1.601603e+03,-1.339483e+01,4.407810e-01,-8.462001e-03,-2.901601e+00
3.748114e+03,1.605681e+03,-1.286877e+01,4.440089e-01,-1.142271e-02,-2.912227e+00
3.757331e+03,1.609781e+03,-1.230243e+01,4.470132e-01,-1.424629e-02,-2.922065e+00
3.766540e+03,1.613903e+03,-1.169694e+01,4.497733e-01,-1.693508e-02,-2.931078e+00
3.775741e+03,1.618047e+03,-1.105344e+01,4.522716e-01,-1.949229e-02,-2.939236e+00
3.784934e+03,1.622212e+03,-1.037308e+01,4.544946e-01,-2.192184e-02,-2.946521e+00
3.794119e+03,1.626396e+03,-9.657417e+00,4.564312e-01,-2.421052e-02,-2.952920e+00
3.803298e+03,1.630600e+03,-8.910657e+00,4.580684e-01,-2.624055e-02,-2.958402e+00
3.812469e+03,1.634822e+03,-8.138797e+00,4.593935e-01,-2.786143e-02,-2.962927e+00
3.821633e+03,1.639061e+03,-7.347934e+00,4.603996e-01,-2.896296e-02,-2.966486e+00
3.830791e+03,1.643316e+03,-6.544628e+00,4.610850e-01,-2.945162e-02,-2.969128e+00
3.839942e+03,1.647587e+03,-5.735940e+00,4.614538e-01,-2.925055e-02,-2.970943e+00
3.849087e+03,1.651872e+03,-4.925060e+00,4.615199e-01,-2.842163e-02,-2.972002e+00
3.858226e+03,1.656170e+03,-4.124679e+00,4.612925e-01,-2.676364e-02,-2.972456e+00
3.867360e+03,1.660481e+03,-3.338712e+00,4.607944e-01,-2.442423e-02,-2.972672e+00
3.876491e+03,1.664803e+03,-2.565666e+00,4.600591e-01,-2.167662e-02,-2.972997e+00
3.885618e+03,1.669136e+03,-1.817086e+00,4.591215e-01,-1.855363e-02,-2.973636e+00
3.894744e+03,1.673477e+03,-1.109139e+00,4.580172e-01,-1.511104e-02,-2.974773e+00
3.903870e+03,1.677825e+03,-4.460715e-01,4.567573e-01,-1.141208e-02,-2.976379e+00
3.912994e+03,1.682179e+03,1.715169e-01,4.553390e-01,-7.464138e-03,-2.978312e+00
3.922117e+03,1.686538e+03,7.412179e-01,4.537677e-01,-3.306328e-03,-2.980633e+00
3.931239e+03,1.690900e+03,1.259178e+00,4.520611e-01,1.001452e-03,-2.983723e+00
3.940361e+03,1.695264e+03,1.718675e+00,4.502440e-01,5.413047e-03,-2.987842e+00
3.949484e+03,1.699628e+03,2.116783e+00,4.483408e-01,9.885089e-03,-2.993011e+00
3.958606e+03,1.703990e+03,2.454550e+00,4.463796e-01,1.437890e-02,-2.999298e+00
3.967730e+03,1.708349e+03,2.734392e+00,4.443958e-01,1.885737e-02,-3.006801e+00
3.976854e+03,1.712704e+03,2.947710e+00,4.424325e-01,2.338088e-02,-3.015552e+00
3.985980e+03,1.717054e+03,3.100626e+00,4.405196e-01,2.793664e-02,-3.025501e+00
3.995108e+03,1.721397e+03,3.191798e+00,4.386869e-01,3.256119e-02,-3.036616e+00
4.004238e+03,1.725735e+03,3.219603e+00,4.369604e-01,3.724648e-02,-3.048864e+00
4.013372e+03,1.730066e+03,3.182450e+00,4.353631e-01,4.192405e-02,-3.062178e+00
4.022509e+03,1.734392e+03,3.079574e+00,4.339157e-01,4.647500e-02,-3.076468e+00
4.031648e+03,1.738711e+03,2.912322e+00,4.326352e-01,5.076516e-02,-3.091672e+00
4.040792e+03,1.743026e+03,2.684282e+00,4.315325e-01,5.468426e-02,-3.107664e+00
4.049938e+03,1.747336e+03,2.400349e+00,4.306139e-01,5.815212e-02,-3.124312e+00
4.059088e+03,1.751643e+03,2.066955e+00,4.298813e-01,6.110888e-02,-3.141458e+00
4.068241e+03,1.755946e+03,1.690230e+00,4.293334e-01,6.355189e-02,3.124289e+00
4.077396e+03,1.760246e+03,1.275869e+00,4.289665e-01,6.552205e-02,3.106810e+00
4.086554e+03,1.764543e+03,8.296585e-01,4.287742e-01,6.707602e-02,3.089560e+00
4.095714e+03,1.768838e+03,3.572480e-01,4.287469e-01,6.825570e-02,3.072770e+00
4.104877e+03,1.773130e+03,-1.408292e-01,4.288760e-01,6.911103e-02,3.056233e+00
4.114042e+03,1.777422e+03,-6.582398e-01,4.291462e-01,6.960277e-02,3.040085e+00
4.123210e+03,1.781711e+03,-1.187214e+00,4.295360e-01,6.968881e-02,3.024677e+00
4.132379e+03,1.786000e+03,-1.726480e+00,4.300211e-01,6.940245e-02,3.010129e+00
4.141548e+03,1.790287e+03,-2.265074e+00,4.305734e-01,6.864319e-02,2.996784e+00
4.150718e+03,1.794572e+03,-2.783005e+00,4.311703e-01,6.730173e-02,2.984753e+00
4.159887e+03,1.798857e+03,-3.285394e+00,4.317665e-01,6.534663e-02,2.974182e+00
4.169057e+03,1.803140e+03,-3.760642e+00,4.323502e-01,6.284506e-02,2.964860e+00
4.178226e+03,1.807422e+03,-4.198437e+00,4.329070e-01,5.989876e-02,2.956685e+00
4.187395e+03,1.811702e+03,-4.599867e+00,4.333927e-01,5.648710e-02,2.950112e+00
4.196565e+03,1.815984e+03,-4.967588e+00,4.337522e-01,5.245079e-02,2.945598e+00
4.205735e+03,1.820266e+03,-5.295015e+00,4.339741e-01,4.784539e-02,2.942897e+00
4.214906e+03,1.824548e+03,-5.575187e+00,4.340577e-01,4.273058e-02,2.941578e+00
4.224079e+03,1.828829e+03,-5.801993e+00,4.340125e-01,3.723409e-02,2.941254e+00
4.233253e+03,1.833107e+03,-5.968413e+00,4.338646e-01,3.161959e-02,2.941519e+00
4.242427e+03,1.837382e+03,-6.070724e+00,4.336343e-01,2.610301e-02,2.942151e+00
4.251603e+03,1.841652e+03,-6.109001e+00,4.333284e-01,2.077672e-02,2.943022e+00
4.260780e+03,1.845917e+03,-6.084791e+00,4.329541e-01,1.572517e-02,2.943972e+00
4.269958e+03,1.850178e+03,-6.000630e+00,4.325115e-01,1.095747e-02,2.945005e+00
4.279138e+03,1.854433e+03,-5.857966e+00,4.319984e-01,6.449051e-03,2.946111e+00
4.288319e+03,1.858682e+03,-5.660517e+00,4.314201e-01,2.265644e-03,2.947271e+00
4.297501e+03,1.862925e+03,-5.421563e+00,4.308011e-01,-1.219743e-03,2.948478e+00
4.306684e+03,1.867163e+03,-5.153601e+00,4.301692e-01,-3.767690e-03,2.949780e+00
4.315867e+03,1.871394e+03,-4.860719e+00,4.295391e-01,-5.456617e-03,2.951195e+00
4.325051e+03,1.875619e+03,-4.540466e+00,4.289113e-01,-6.531448e-03,2.952656e+00
4.334238e+03,1.879837e+03,-4.204717e+00,4.282930e-01,-6.831681e-03,2.954384e+00
4.343427e+03,1.884050e+03,-3.859804e+00,4.276892e-01,-6.394730e-03,2.956496e+00
4.352619e+03,1.888256e+03,-3.511930e+00,4.271073e-01,-5.265537e-03,2.959183e+00
4.361814e+03,1.892455e+03,-3.158962e+00,4.265461e-01,-3.660877e-03,2.962431e+00
4.371012e+03,1.896649e+03,-2.817868e+00,4.259950e-01,-1.468386e-03,2.966619e+00
4.380212e+03,1.900839e+03,-2.503310e+00,4.254440e-01,1.266097e-03,2.972051e+00
4.389415e+03,1.905025e+03,-2.211320e+00,4.248934e-01,4.299881e-03,2.978910e+00
4.398620e+03,1.909205e+03,-1.937041e+00,4.243358e-01,7.436870e-03,2.987519e+00
4.407828e+03,1.913380e+03,-1.677212e+00,4.237654e-01,1.058983e-02,2.998168e+00
4.417038e+03,1.917551e+03,-1.438431e+00,4.231762e-01,1.370078e-02,3.010426e+00
4.426250e+03,1.921717e+03,-1.232705e+00,4.225589e-01,1.672258e-02,3.023953e+00
4.435463e+03,1.925881e+03,-1.061564e+00,4.219154e-01,1.963612e-02,3.038839e+00
4.444679e+03,1.930041e+03,-9.248312e-01,4.212584e-01,2.244512e-02,3.054921e+00
4.453899e+03,1.934198e+03,-8.230214e-01,4.206042e-01,2.518190e-02,3.071923e+00
4.463121e+03,1.938352e+03,-7.566863e-01,4.199674e-01,2.787381e-02,3.089516e+00
4.472345e+03,1.942503e+03,-7.256288e-01,4.193606e-01,3.051096e-02,3.107395e+00
4.481573e+03,1.946651e+03,-7.287892e-01,4.187966e-01,3.303734e-02,3.125280e+00
4.490802e+03,1.950797e+03,-7.611567e-01,4.182874e-01,3.536221e-02,-3.140165e+00
4.500033e+03,1.954940e+03,-8.142152e-01,4.178417e-01,3.735794e-02,-3.122532e+00
4.509266e+03,1.959082e+03,-8.844637e-01,4.174685e-01,3.896804e-02,-3.105159e+00
4.518499e+03,1.963221e+03,-9.685252e-01,4.171740e-01,4.017922e-02,-3.088188e+00
4.527733e+03,1.967360e+03,-1.063734e+00,4.169623e-01,4.100086e-02,-3.071747e+00
4.536968e+03,1.971497e+03,-1.171760e+00,4.168405e-01,4.141493e-02,-3.055968e+00
4.546206e+03,1.975634e+03,-1.295138e+00,4.168207e-01,4.138362e-02,-3.040987e+00
4.555446e+03,1.979770e+03,-1.427536e+00,4.169087e-01,4.097263e-02,-3.026933e+00
4.564688e+03,1.983905e+03,-1.564546e+00,4.171072e-01,4.026389e-02,-3.013939e+00
4.573932e+03,1.988039e+03,-1.700063e+00,4.174131e-01,3.935266e-02,-3.002277e+00
4.583176e+03,1.992174e+03,-1.827832e+00,4.178193e-01,3.833942e-02,-2.992159e+00
4.592419e+03,1.996309e+03,-1.939604e+00,4.183235e-01,3.730394e-02,-2.984088e+00
4.601660e+03,2.000446e+03,-2.032737e+00,4.189296e-01,3.630840e-02,-2.978272e+00
4.610900e+03,2.004584e+03,-2.112593e+00,4.196474e-01,3.543775e-02,-2.974779e+00
4.620138e+03,2.008722e+03,-2.192072e+00,4.204853e-01,3.481346e-02,-2.973660e+00
4.629373e+03,2.012862e+03,-2.273263e+00,4.214372e-01,3.453827e-02,-2.975202e+00
4.638606e+03,2.017003e+03,-2.359900e+00,4.224944e-01,3.465992e-02,-2.979508e+00
4.647835e+03,2.021147e+03,-2.456282e+00,4.236466e-01,3.515548e-02,-2.986479e+00
4.657061e+03,2.025294e+03,-2.566266e+00,4.248852e-01,3.596142e-02,-2.995905e+00
4.666284e+03,2.029445e+03,-2.692993e+00,4.262040e-01,3.700826e-02,-3.007526e+00
4.675504e+03,2.033599e+03,-2.838520e+00,4.275928e-01,3.825257e-02,-3.021061e+00
4.684722e+03,2.037759e+03,-3.004256e+00,4.290341e-01,3.966236e-02,-3.036202e+00
4.693938e+03,2.041924e+03,-3.191048e+00,4.305029e-01,4.117395e-02,-3.052575e+00
4.703152e+03,2.046095e+03,-3.398416e+00,4.319701e-01,4.266545e-02,-3.069768e+00
4.712363e+03,2.050272e+03,-3.623973e+00,4.334036e-01,4.398024e-02,-3.087373e+00
4.721572e+03,2.054456e+03,-3.852560e+00,4.347688e-01,4.498457e-02,-3.105114e+00
4.730778e+03,2.058646e+03,-4.073297e+00,4.360377e-01,4.546658e-02,-3.122670e+00
4.739980e+03,2.062842e+03,-4.280966e+00,4.371847e-01,4.546632e-02,-3.139657e+00
4.749179e+03,2.067043e+03,-4.466876e+00,4.381832e-01,4.516140e-02,3.127415e+00
4.758374e+03,2.071250e+03,-4.632819e+00,4.390116e-01,4.427324e-02,3.112442e+00
4.767567e+03,2.075462e+03,-4.773868e+00,4.396552e-01,4.294457e-02,3.098639e+00
4.776757e+03,2.079679e+03,-4.883351e+00,4.401060e-01,4.123569e-02,3.085860e+00
4.785945e+03,2.083899e+03,-4.959007e+00,4.403560e-01,3.920922e-02,3.074067e+00
4.795131e+03,2.088122e+03,-4.996922e+00,4.404029e-01,3.704284e-02,3.063145e+00
4.804315e+03,2.092346e+03,-4.999757e+00,4.402302e-01,3.463813e-02,3.053244e+00
4.813498e+03,2.096572e+03,-4.963921e+00,4.398403e-01,3.210163e-02,3.044228e+00
4.822681e+03,2.100799e+03,-4.888315e+00,4.392338e-01,2.945644e-02,3.036021e+00
4.831864e+03,2.105025e+03,-4.776390e+00,4.384019e-01,2.668250e-02,3.028886e+00
4.841046e+03,2.109249e+03,-4.627942e+00,4.373603e-01,2.403287e-02,3.022700e+00
4.850229e+03,2.113471e+03,-4.444646e+00,4.361093e-01,2.149744e-02,3.017774e+00
4.859412e+03,2.117691e+03,-4.234734e+00,4.346371e-01,1.912664e-02,3.015187e+00
4.868597e+03,2.121907e+03,-4.002413e+00,4.329495e-01,1.689907e-02,3.015104e+00
4.877784e+03,2.126119e+03,-3.747777e+00,4.310506e-01,1.466973e-02,3.017463e+00
4.886974e+03,2.130326e+03,-3.473665e+00,4.289542e-01,1.242561e-02,3.022010e+00
4.896167e+03,2.134527e+03,-3.182324e+00,4.266850e-01,1.019994e-02,3.028311e+00
4.905363e+03,2.138721e+03,-2.875776e+00,4.242734e-01,8.081124e-03,3.035977e+00
4.914563e+03,2.142908e+03,-2.554604e+00,4.217581e-01,6.265127e-03,3.044572e+00
4.923767e+03,2.147085e+03,-2.222585e+00,4.191730e-01,4.851867e-03,3.053721e+00
4.932975e+03,2.151253e+03,-1.888740e+00,4.165546e-01,4.001819e-03,3.063073e+00
4.942188e+03,2.155409e+03,-1.549690e+00,4.139529e-01,3.795962e-03,3.072196e+00
4.951405e+03,2.159554e+03,-1.220905e+00,4.114032e-01,4.301126e-03,3.081089e+00
4.960627e+03,2.163687e+03,-9.075435e-01,4.089534e-01,5.583638e-03,3.089612e+00
4.969853e+03,2.167807e+03,-6.078770e-01,4.066518e-01,7.615746e-03,3.097637e+00
4.979082e+03,2.171916e+03,-3.320903e-01,4.045413e-01,1.030052e-02,3.104971e+00
4.988315e+03,2.176012e+03,-9.395332e-02,4.026656e-01,1.350051e-02,3.111382e+00
4.997552e+03,2.180098e+03,9.877627e-02,4.010703e-01,1.705266e-02,3.116710e+00
5.006792e+03,2.184174e+03,2.408888e-01,3.997968e-01,2.082770e-02,3.121025e+00
5.016036e+03,2.188241e+03,3.278928e-01,3.988783e-01,2.472656e-02,3.124414e+00
5.025285e+03,2.192300e+03,3.589989e-01,3.983335e-01,2.867256e-02,3.127035e+00
5.034537e+03,2.196355e+03,3.347803e-01,3.981637e-01,3.258142e-02,3.129053e+00
5.043793e+03,2.200405e+03,2.606484e-01,3.983536e-01,3.630774e-02,3.130597e+00
5.053054e+03,2.204453e+03,1.418977e-01,3.988743e-01,3.973279e-02,3.131803e+00
5.062317e+03,2.208500e+03,-1.890450e-02,3.996843e-01,4.277712e-02,3.132936e+00
5.071584e+03,2.212547e+03,-2.161088e-01,4.007380e-01,4.532681e-02,3.134150e+00
5.080852e+03,2.216595e+03,-4.443893e-01,4.019960e-01,4.730344e-02,3.135106e+00
5.090121e+03,2.220645e+03,-6.998081e-01,4.034200e-01,4.868968e-02,3.135666e+00
5.099391e+03,2.224698e+03,-9.752453e-01,4.049701e-01,4.944833e-02,3.136270e+00
5.108662e+03,2.228753e+03,-1.263421e+00,4.066168e-01,4.959057e-02,3.137097e+00
5.117934e+03,2.232811e+03,-1.558824e+00,4.083373e-01,4.919125e-02,3.138145e+00
5.127205e+03,2.236872e+03,-1.857279e+00,4.101092e-01,4.835110e-02,3.139416e+00
5.136477e+03,2.240937e+03,-2.153197e+00,4.119115e-01,4.718593e-02,3.140866e+00
5.145747e+03,2.245004e+03,-2.428486e+00,4.137259e-01,4.577726e-02,-3.140680e+00
5.155015e+03,2.249075e+03,-2.674095e+00,4.155401e-01,4.416592e-02,-3.138924e+00
5.164282e+03,2.253149e+03,-2.887847e+00,4.173444e-01,4.239907e-02,-3.137151e+00
5.173546e+03,2.257226e+03,-3.069910e+00,4.191254e-01,4.052689e-02,-3.135488e+00
5.182808e+03,2.261309e+03,-3.236237e+00,4.208622e-01,3.870716e-02,-3.133821e+00
5.192066e+03,2.265395e+03,-3.376769e+00,4.225288e-01,3.707507e-02,-3.131951e+00
5.201321e+03,2.269487e+03,-3.496850e+00,4.241045e-01,3.541633e-02,-3.129848e+00
5.210573e+03,2.273583e+03,-3.590356e+00,4.255668e-01,3.380220e-02,-3.127366e+00
5.219821e+03,2.277685e+03,-3.663980e+00,4.268995e-01,3.240283e-02,-3.124527e+00
5.229066e+03,2.281792e+03,-3.720676e+00,4.280909e-01,3.101095e-02,-3.121426e+00
5.238307e+03,2.285904e+03,-3.751349e+00,4.291250e-01,2.950479e-02,-3.117933e+00
5.247545e+03,2.290022e+03,-3.760133e+00,4.299889e-01,2.781766e-02,-3.114054e+00
5.256781e+03,2.294145e+03,-3.752347e+00,4.306675e-01,2.634369e-02,-3.109865e+00
5.266013e+03,2.298272e+03,-3.726780e+00,4.311536e-01,2.518108e-02,-3.105438e+00
5.275243e+03,2.302403e+03,-3.684962e+00,4.314513e-01,2.433698e-02,-3.100950e+00
5.284472e+03,2.306538e+03,-3.622822e+00,4.315723e-01,2.348613e-02,-3.096510e+00
5.293697e+03,2.310676e+03,-3.542245e+00,4.315224e-01,2.298572e-02,-3.092293e+00
5.302920e+03,2.314817e+03,-3.440597e+00,4.313143e-01,2.279942e-02,-3.088411e+00
5.312140e+03,2.318961e+03,-3.329784e+00,4.309698e-01,2.306257e-02,-3.085276e+00
5.321358e+03,2.323106e+03,-3.229506e+00,4.305142e-01,2.395969e-02,-3.083382e+00
5.330575e+03,2.327253e+03,-3.146530e+00,4.299730e-01,2.535565e-02,-3.082906e+00
5.339790e+03,2.331402e+03,-3.085811e+00,4.293743e-01,2.714133e-02,-3.083907e+00
5.349003e+03,2.335551e+03,-3.051295e+00,4.287477e-01,2.921747e-02,-3.086349e+00
5.358216e+03,2.339702e+03,-3.046250e+00,4.281178e-01,3.146640e-02,-3.090027e+00
5.367429e+03,2.343853e+03,-3.072458e+00,4.275020e-01,3.374342e-02,-3.094642e+00
5.376642e+03,2.348006e+03,-3.120714e+00,4.269068e-01,3.585261e-02,-3.099782e+00
5.385856e+03,2.352161e+03,-3.170946e+00,4.263287e-01,3.756990e-02,-3.104950e+00
5.395069e+03,2.356316e+03,-3.217477e+00,4.257626e-01,3.877176e-02,-3.109939e+00
5.404282e+03,2.360473e+03,-3.253246e+00,4.251962e-01,3.940055e-02,-3.114548e+00
5.413496e+03,2.364631e+03,-3.281460e+00,4.246235e-01,3.946399e-02,-3.118783e+00
5.422710e+03,2.368789e+03,-3.312409e+00,4.240448e-01,3.885972e-02,-3.122647e+00
5.431925e+03,2.372949e+03,-3.328479e+00,4.234537e-01,3.778531e-02,-3.126027e+00
5.441140e+03,2.377108e+03,-3.323777e+00,4.228492e-01,3.644313e-02,-3.128907e+00
5.450354e+03,2.381267e+03,-3.294076e+00,4.222341e-01,3.478621e-02,-3.131352e+00
5.459568e+03,2.385425e+03,-3.242476e+00,4.216096e-01,3.303887e-02,-3.133440e+00
5.468782e+03,2.389582e+03,-3.169940e+00,4.209773e-01,3.108045e-02,-3.135222e+00
5.477997e+03,2.393738e+03,-3.086960e+00,4.203407e-01,2.893832e-02,-3.136757e+00
5.487214e+03,2.397893e+03,-3.001374e+00,4.197096e-01,2.692141e-02,-3.138204e+00
5.496433e+03,2.402045e+03,-2.909210e+00,4.190994e-01,2.497711e-02,-3.139688e+00
5.505654e+03,2.406194e+03,-2.795709e+00,4.185253e-01,2.321701e-02,-3.141342e+00
5.514875e+03,2.410341e+03,-2.665367e+00,4.179983e-01,2.196420e-02,3.139959e+00
5.524097e+03,2.414484e+03,-2.519973e+00,4.175268e-01,2.096705e-02,3.137772e+00
5.533320e+03,2.418624e+03,-2.368817e+00,4.171170e-01,2.036524e-02,3.135303e+00
5.542544e+03,2.422761e+03,-2.229253e+00,4.167720e-01,2.020506e-02,3.132700e+00
5.551769e+03,2.426897e+03,-2.103749e+00,4.164978e-01,2.039173e-02,3.129950e+00
5.560995e+03,2.431030e+03,-1.994042e+00,4.162989e-01,2.084660e-02,3.127057e+00
5.570221e+03,2.435161e+03,-1.901574e+00,4.161756e-01,2.150969e-02,3.124050e+00
5.579448e+03,2.439290e+03,-1.827388e+00,4.161232e-01,2.232885e-02,3.120960e+00
5.588675e+03,2.443418e+03,-1.771897e+00,4.161321e-01,2.325716e-02,3.117823e+00
5.597902e+03,2.447544e+03,-1.728072e+00,4.161952e-01,2.432496e-02,3.114648e+00
5.607130e+03,2.451669e+03,-1.698166e+00,4.163050e-01,2.553249e-02,3.111473e+00
5.616360e+03,2.455792e+03,-1.691493e+00,4.164534e-01,2.686689e-02,3.108314e+00
5.625591e+03,2.459914e+03,-1.708267e+00,4.166376e-01,2.840232e-02,3.104998e+00
5.634823e+03,2.464034e+03,-1.748426e+00,4.168557e-01,3.019977e-02,3.101401e+00
5.644056e+03,2.468152e+03,-1.812794e+00,4.171083e-01,3.226217e-02,3.097376e+00
5.653289e+03,2.472269e+03,-1.903012e+00,4.173992e-01,3.453220e-02,3.092757e+00
5.662522e+03,2.476384e+03,-2.019803e+00,4.177293e-01,3.695147e-02,3.087820e+00
5.671756e+03,2.480499e+03,-2.164328e+00,4.181030e-01,3.945212e-02,3.082756e+00
5.680989e+03,2.484612e+03,-2.338064e+00,4.185264e-01,4.195025e-02,3.077628e+00
5.690222e+03,2.488725e+03,-2.541804e+00,4.190018e-01,4.434039e-02,3.072544e+00
5.699454e+03,2.492838e+03,-2.766641e+00,4.195257e-01,4.647607e-02,3.067849e+00
5.708687e+03,2.496951e+03,-3.009950e+00,4.200813e-01,4.820351e-02,3.063941e+00
5.717921e+03,2.501065e+03,-3.258180e+00,4.206513e-01,4.938799e-02,3.061155e+00
5.727155e+03,2.505178e+03,-3.495095e+00,4.212081e-01,4.991553e-02,3.059670e+00
5.736389e+03,2.509292e+03,-3.714601e+00,4.217169e-01,4.980450e-02,3.059497e+00
5.745623e+03,2.513407e+03,-3.918257e+00,4.221362e-01,4.909310e-02,3.061048e+00
5.754857e+03,2.517522e+03,-4.100683e+00,4.224439e-01,4.784609e-02,3.064256e+00
5.764091e+03,2.521639e+03,-4.261788e+00,4.226157e-01,4.605378e-02,3.069316e+00
5.773326e+03,2.525757e+03,-4.399841e+00,4.226366e-01,4.370448e-02,3.076306e+00
5.782561e+03,2.529875e+03,-4.508851e+00,4.225069e-01,4.090593e-02,3.085024e+00
5.791796e+03,2.533993e+03,-4.588173e+00,4.222339e-01,3.793556e-02,3.095234e+00
5.801030e+03,2.538111e+03,-4.636385e+00,4.218274e-01,3.494779e-02,3.106662e+00
5.810264e+03,2.542227e+03,-4.652823e+00,4.213001e-01,3.212110e-02,3.118826e+00
5.819499e+03,2.546341e+03,-4.640899e+00,4.206637e-01,2.942560e-02,3.131471e+00
5.828733e+03,2.550454e+03,-4.596379e+00,4.199419e-01,2.693971e-02,-3.138996e+00
5.837967e+03,2.554564e+03,-4.525078e+00,4.191600e-01,2.485171e-02,-3.126526e+00
5.847202e+03,2.558671e+03,-4.425106e+00,4.183402e-01,2.317857e-02,-3.114468e+00
5.856436e+03,2.562776e+03,-4.295618e+00,4.175023e-01,2.183160e-02,-3.102940e+00
5.865671e+03,2.566879e+03,-4.143562e+00,4.166692e-01,2.091126e-02,-3.092286e+00
5.874905e+03,2.570979e+03,-3.981386e+00,4.158679e-01,2.059307e-02,-3.083068e+00
5.884139e+03,2.575077e+03,-3.813482e+00,4.151225e-01,2.081395e-02,-3.075559e+00
5.893374e+03,2.579173e+03,-3.640047e+00,4.144588e-01,2.136416e-02,-3.069934e+00
5.902608e+03,2.583268e+03,-3.473310e+00,4.139089e-01,2.230272e-02,-3.066972e+00
5.911842e+03,2.587361e+03,-3.318008e+00,4.134883e-01,2.355807e-02,-3.066693e+00
5.921076e+03,2.591454e+03,-3.178837e+00,4.131998e-01,2.502007e-02,-3.068685e+00
5.930309e+03,2.595545e+03,-3.050857e+00,4.130309e-01,2.656525e-02,-3.072135e+00
5.939542e+03,2.599637e+03,-2.929002e+00,4.129734e-01,2.813168e-02,-3.076423e+00
5.948775e+03,2.603729e+03,-2.816084e+00,4.130295e-01,2.973179e-02,-3.081592e+00
5.958008e+03,2.607821e+03,-2.712142e+00,4.131928e-01,3.139919e-02,-3.087484e+00
5.967242e+03,2.611914e+03,-2.632689e+00,4.134632e-01,3.317606e-02,-3.094269e+00
5.976475e+03,2.616006e+03,-2.579271e+00,4.138299e-01,3.506424e-02,-3.101839e+00
5.985710e+03,2.620099e+03,-2.552940e+00,4.142851e-01,3.704059e-02,-3.110139e+00
5.994945e+03,2.624193e+03,-2.554255e+00,4.148231e-01,3.909033e-02,-3.119180e+00
6.004179e+03,2.628287e+03,-2.584169e+00,4.154383e-01,4.119528e-02,-3.128905e+00
6.013414e+03,2.632382e+03,-2.644218e+00,4.161240e-01,4.331667e-02,-3.139149e+00
6.022648e+03,2.636478e+03,-2.735669e+00,4.168734e-01,4.537677e-02,3.133468e+00
6.031881e+03,2.640575e+03,-2.858514e+00,4.176769e-01,4.724701e-02,3.122841e+00
6.041115e+03,2.644675e+03,-3.010428e+00,4.185214e-01,4.877323e-02,3.112500e+00
6.050348e+03,2.648776e+03,-3.178282e+00,4.193936e-01,4.981415e-02,3.102638e+00
6.059581e+03,2.652879e+03,-3.340361e+00,4.202737e-01,5.029359e-02,3.093520e+00
6.068814e+03,2.656984e+03,-3.491569e+00,4.211308e-01,5.017540e-02,3.085294e+00
6.078047e+03,2.661091e+03,-3.630641e+00,4.219273e-01,4.943627e-02,3.078301e+00
6.087280e+03,2.665201e+03,-3.756624e+00,4.226239e-01,4.808268e-02,3.073136e+00
6.096512e+03,2.669314e+03,-3.861530e+00,4.232012e-01,4.619764e-02,3.069660e+00
6.105745e+03,2.673428e+03,-3.940437e+00,4.236397e-01,4.388014e-02,3.067869e+00
6.114978e+03,2.677546e+03,-3.997315e+00,4.239054e-01,4.107544e-02,3.068302e+00
6.124211e+03,2.681665e+03,-4.029967e+00,4.239916e-01,3.801656e-02,3.070829e+00
6.133443e+03,2.685785e+03,-4.035913e+00,4.238965e-01,3.485269e-02,3.075352e+00
6.142676e+03,2.689906e+03,-4.009261e+00,4.236177e-01,3.151662e-02,3.081641e+00
6.151908e+03,2.694026e+03,-3.952889e+00,4.231638e-01,2.820876e-02,3.089313e+00
6.161140e+03,2.698145e+03,-3.862794e+00,4.225527e-01,2.498827e-02,3.097821e+00
6.170372e+03,2.702262e+03,-3.737785e+00,4.218112e-01,2.212044e-02,3.106629e+00
6.179603e+03,2.706375e+03,-3.586967e+00,4.209568e-01,1.984268e-02,3.115586e+00
6.188835e+03,2.710486e+03,-3.416364e+00,4.200046e-01,1.822209e-02,3.124575e+00
6.198067e+03,2.714593e+03,-3.231537e+00,4.189709e-01,1.727039e-02,3.133475e+00
6.207299e+03,2.718696e+03,-3.044694e+00,4.178770e-01,1.699945e-02,-3.141072e+00
6.216533e+03,2.722795e+03,-2.867263e+00,4.167479e-01,1.738957e-02,-3.132776e+00
6.225768e+03,2.726891e+03,-2.701922e+00,4.156134e-01,1.851885e-02,-3.125066e+00
6.235004e+03,2.730983e+03,-2.547062e+00,4.145040e-01,2.022517e-02,-3.118225e+00
6.244240e+03,2.735072e+03,-2.409537e+00,4.134461e-01,2.232945e-02,-3.112112e+00
6.253478e+03,2.739157e+03,-2.302164e+00,4.124658e-01,2.470779e-02,-3.106805e+00
6.262718e+03,2.743239e+03,-2.226208e+00,4.115821e-01,2.718446e-02,-3.102289e+00
6.271959e+03,2.747319e+03,-2.181400e+00,4.108121e-01,2.962433e-02,-3.098611e+00
6.281201e+03,2.751395e+03,-2.161290e+00,4.101656e-01,3.196748e-02,-3.095765e+00
6.290444e+03,2.755469e+03,-2.154986e+00,4.096450e-01,3.422100e-02,-3.093681e+00
6.299688e+03,2.759542e+03,-2.162572e+00,4.092534e-01,3.638494e-02,-3.092378e+00
6.308932e+03,2.763612e+03,-2.182991e+00,4.089938e-01,3.842503e-02,-3.091916e+00
6.318178e+03,2.767681e+03,-2.214051e+00,4.088714e-01,4.028221e-02,-3.092385e+00
6.327425e+03,2.771749e+03,-2.252726e+00,4.088901e-01,4.191569e-02,-3.093849e+00
6.336673e+03,2.775816e+03,-2.295554e+00,4.090486e-01,4.332533e-02,-3.096319e+00
6.345920e+03,2.779882e+03,-2.348131e+00,4.093449e-01,4.458268e-02,-3.099741e+00
6.355168e+03,2.783947e+03,-2.426960e+00,4.097766e-01,4.577427e-02,-3.103993e+00
6.364417e+03,2.788012e+03,-2.532082e+00,4.103381e-01,4.682455e-02,-3.108962e+00
6.373666e+03,2.792078e+03,-2.653110e+00,4.110219e-01,4.759905e-02,-3.114496e+00
6.382914e+03,2.796144e+03,-2.770903e+00,4.118174e-01,4.797024e-02,-3.120299e+00
6.392162e+03,2.800211e+03,-2.902427e+00,4.127176e-01,4.796715e-02,-3.126242e+00
6.401412e+03,2.804281e+03,-3.052709e+00,4.137019e-01,4.760193e-02,-3.131962e+00
6.410661e+03,2.808353e+03,-3.197704e+00,4.147467e-01,4.678689e-02,-3.137368e+00
6.419911e+03,2.812427e+03,-3.331822e+00,4.158270e-01,4.546018e-02,3.141060e+00
6.429162e+03,2.816505e+03,-3.456931e+00,4.169187e-01,4.358792e-02,3.137347e+00
6.438414e+03,2.820586e+03,-3.560438e+00,4.179997e-01,4.118293e-02,3.134726e+00
6.447665e+03,2.824671e+03,-3.636559e+00,4.190398e-01,3.842328e-02,3.133517e+00
6.456915e+03,2.828760e+03,-3.685842e+00,4.200158e-01,3.551016e-02,3.133678e+00
6.466164e+03,2.832851e+03,-3.710266e+00,4.209045e-01,3.252858e-02,3.135437e+00
6.475412e+03,2.836946e+03,-3.705844e+00,4.216927e-01,2.950788e-02,3.138647e+00
6.484658e+03,2.841044e+03,-3.669588e+00,4.223719e-01,2.645464e-02,-3.140114e+00
6.493902e+03,2.845144e+03,-3.606274e+00,4.229388e-01,2.361068e-02,-3.134774e+00
6.503144e+03,2.849246e+03,-3.514775e+00,4.233900e-01,2.097036e-02,-3.128681e+00
6.512384e+03,2.853350e+03,-3.397635e+00,4.237220e-01,1.874735e-02,-3.122125e+00
6.521621e+03,2.857455e+03,-3.264264e+00,4.239296e-01,1.722261e-02,-3.115445e+00
6.530856e+03,2.861561e+03,-3.116888e+00,4.240074e-01,1.628822e-02,-3.108743e+00
6.540089e+03,2.865668e+03,-2.966257e+00,4.239584e-01,1.607461e-02,-3.102258e+00
6.549321e+03,2.869775e+03,-2.823357e+00,4.237947e-01,1.665726e-02,-3.096239e+00
6.558552e+03,2.873883e+03,-2.688168e+00,4.235316e-01,1.789954e-02,-3.090885e+00
6.567782e+03,2.877992e+03,-2.572433e+00,4.231886e-01,1.982367e-02,-3.086408e+00
6.577011e+03,2.882101e+03,-2.482340e+00,4.227853e-01,2.229509e-02,-3.082808e+00
6.586240e+03,2.886210e+03,-2.422411e+00,4.223436e-01,2.516428e-02,-3.080142e+00
6.595468e+03,2.890320e+03,-2.395328e+00,4.218843e-01,2.822855e-02,-3.078332e+00
6.604697e+03,2.894431e+03,-2.401816e+00,4.214264e-01,3.130700e-02,-3.077288e+00
6.613926e+03,2.898542e+03,-2.441388e+00,4.209866e-01,3.426683e-02,-3.076996e+00
6.623155e+03,2.902653e+03,-2.512771e+00,4.205757e-01,3.702117e-02,-3.077416e+00
6.632383e+03,2.906765e+03,-2.606962e+00,4.201952e-01,3.951253e-02,-3.078450e+00
6.641612e+03,2.910877e+03,-2.707971e+00,4.198436e-01,4.169232e-02,-3.080000e+00
6.650840e+03,2.914991e+03,-2.813018e+00,4.195321e-01,4.349952e-02,-3.082142e+00
6.660068e+03,2.919105e+03,-2.917775e+00,4.192702e-01,4.490179e-02,-3.084983e+00
6.669296e+03,2.923220e+03,-3.016833e+00,4.190612e-01,4.591334e-02,-3.088575e+00
6.678523e+03,2.927336e+03,-3.104878e+00,4.189027e-01,4.657847e-02,-3.092841e+00
6.687750e+03,2.931452e+03,-3.188227e+00,4.187957e-01,4.699770e-02,-3.097742e+00
6.696975e+03,2.935569e+03,-3.264739e+00,4.187411e-01,4.716262e-02,-3.103250e+00
6.706201e+03,2.939686e+03,-3.350572e+00,4.187476e-01,4.701882e-02,-3.109463e+00
6.715427e+03,2.943804e+03,-3.442244e+00,4.188143e-01,4.650982e-02,-3.116324e+00
6.724654e+03,2.947923e+03,-3.534279e+00,4.189393e-01,4.555528e-02,-3.123782e+00
6.733880e+03,2.952042e+03,-3.609646e+00,4.191120e-01,4.421405e-02,-3.131478e+00
6.743105e+03,2.956162e+03,-3.667880e+00,4.193228e-01,4.264049e-02,-3.139190e+00
6.752331e+03,2.960283e+03,-3.710777e+00,4.195645e-01,4.071148e-02,3.136356e+00
6.761557e+03,2.964405e+03,-3.726854e+00,4.198311e-01,3.849163e-02,3.128854e+00
6.770783e+03,2.968528e+03,-3.712574e+00,4.201148e-01,3.598168e-02,3.121580e+00
6.780010e+03,2.972651e+03,-3.668581e+00,4.204008e-01,3.334640e-02,3.114769e+00
6.789237e+03,2.976776e+03,-3.600743e+00,4.206665e-01,3.054649e-02,3.108693e+00
6.798465e+03,2.980902e+03,-3.506541e+00,4.208911e-01,2.754785e-02,3.103634e+00
6.807692e+03,2.985029e+03,-3.377561e+00,4.210720e-01,2.455831e-02,3.099262e+00
6.816920e+03,2.989156e+03,-3.215708e+00,4.211969e-01,2.160601e-02,3.095744e+00
6.826147e+03,2.993283e+03,-3.026647e+00,4.212461e-01,1.859125e-02,3.093642e+00
6.835374e+03,2.997410e+03,-2.815277e+00,4.212208e-01,1.579856e-02,3.092728e+00
6.844600e+03,3.001536e+03,-2.578244e+00,4.211243e-01,1.331225e-02,3.092619e+00
6.853825e+03,3.005661e+03,-2.328928e+00,4.209477e-01,1.131340e-02,3.093272e+00
6.863048e+03,3.009783e+03,-2.074648e+00,4.206943e-01,1.004390e-02,3.094241e+00
6.872271e+03,3.013903e+03,-1.816461e+00,4.203690e-01,9.513355e-03,3.095198e+00
6.881494e+03,3.018021e+03,-1.568421e+00,4.199768e-01,9.710581e-03,3.096021e+00
6.890717e+03,3.022136e+03,-1.344127e+00,4.195301e-01,1.059740e-02,3.096600e+00
6.899941e+03,3.026249e+03,-1.147346e+00,4.190524e-01,1.218142e-02,3.096735e+00
6.909166e+03,3.030359e+03,-9.814377e-01,4.185674e-01,1.441672e-02,3.096321e+00
6.918392e+03,3.034466e+03,-8.500052e-01,4.180978e-01,1.717797e-02,3.095275e+00
6.927620e+03,3.038571e+03,-7.564402e-01,4.176618e-01,2.027402e-02,3.093596e+00
6.936849e+03,3.042675e+03,-7.037327e-01,4.172699e-01,2.348801e-02,3.091519e+00
6.946080e+03,3.046777e+03,-6.926302e-01,4.169305e-01,2.667125e-02,3.089220e+00
6.955312e+03,3.050878e+03,-7.217041e-01,4.166466e-01,2.971204e-02,3.086925e+00
6.964545e+03,3.054979e+03,-7.878157e-01,4.164146e-01,3.251297e-02,3.084961e+00
6.973780e+03,3.059079e+03,-8.866135e-01,4.162255e-01,3.499377e-02,3.083685e+00
6.983016e+03,3.063180e+03,-1.013687e+00,4.160702e-01,3.712450e-02,3.083361e+00
6.992255e+03,3.067281e+03,-1.168002e+00,4.159427e-01,3.892332e-02,3.083840e+00
7.001497e+03,3.071382e+03,-1.347979e+00,4.158363e-01,4.042324e-02,3.084900e+00
7.010740e+03,3.075483e+03,-1.549083e+00,4.157409e-01,4.164264e-02,3.086557e+00
7.019985e+03,3.079585e+03,-1.764890e+00,4.156459e-01,4.257674e-02,3.089005e+00
7.029232e+03,3.083685e+03,-1.987681e+00,4.155511e-01,4.320992e-02,3.092023e+00
7.038479e+03,3.087785e+03,-2.200295e+00,4.154555e-01,4.346861e-02,3.095744e+00
7.047726e+03,3.091882e+03,-2.398019e+00,4.153578e-01,4.335962e-02,3.100119e+00
7.056973e+03,3.095979e+03,-2.586451e+00,4.152562e-01,4.296482e-02,3.105043e+00
7.066220e+03,3.100074e+03,-2.771261e+00,4.151490e-01,4.234676e-02,3.110521e+00
7.075468e+03,3.104169e+03,-2.959457e+00,4.150345e-01,4.149571e-02,3.116594e+00
7.084717e+03,3.108263e+03,-3.137274e+00,4.149194e-01,4.027583e-02,3.123037e+00
7.093967e+03,3.112356e+03,-3.306675e+00,4.148089e-01,3.859332e-02,3.129718e+00
7.103219e+03,3.116449e+03,-3.454712e+00,4.147120e-01,3.645651e-02,3.136508e+00
7.112472e+03,3.120542e+03,-3.576995e+00,4.146326e-01,3.414627e-02,-3.139790e+00
7.121726e+03,3.124633e+03,-3.672125e+00,4.145710e-01,3.159943e-02,-3.132846e+00
7.130981e+03,3.128724e+03,-3.733043e+00,4.145296e-01,2.865752e-02,-3.126018e+00
7.140237e+03,3.132814e+03,-3.754273e+00,4.145135e-01,2.540096e-02,-3.119400e+00
7.149493e+03,3.136904e+03,-3.736811e+00,4.145332e-01,2.221544e-02,-3.113399e+00
7.158747e+03,3.140993e+03,-3.683336e+00,4.145933e-01,1.940602e-02,-3.108137e+00
7.168001e+03,3.145081e+03,-3.588895e+00,4.146890e-01,1.692196e-02,-3.103215e+00
7.177252e+03,3.149169e+03,-3.454177e+00,4.148173e-01,1.470561e-02,-3.098438e+00
7.186502e+03,3.153257e+03,-3.284039e+00,4.149729e-01,1.286616e-02,-3.093803e+00
7.195749e+03,3.157345e+03,-3.085507e+00,4.151458e-01,1.155353e-02,-3.089236e+00
7.204994e+03,3.161432e+03,-2.865155e+00,4.153220e-01,1.087709e-02,-3.084655e+00
7.214237e+03,3.165518e+03,-2.634895e+00,4.155014e-01,1.088309e-02,-3.080324e+00
7.223479e+03,3.169605e+03,-2.407382e+00,4.156941e-01,1.159899e-02,-3.076683e+00
7.232718e+03,3.173691e+03,-2.188165e+00,4.159053e-01,1.302132e-02,-3.073908e+00
7.241957e+03,3.177778e+03,-1.983833e+00,4.161427e-01,1.511163e-02,-3.072072e+00
7.251194e+03,3.181865e+03,-1.811958e+00,4.164240e-01,1.779428e-02,-3.071460e+00
7.260432e+03,3.185953e+03,-1.677639e+00,4.167616e-01,2.090282e-02,-3.072226e+00
7.269670e+03,3.190042e+03,-1.583480e+00,4.171644e-01,2.429430e-02,-3.074375e+00
7.278908e+03,3.194132e+03,-1.530638e+00,4.176349e-01,2.783865e-02,-3.077639e+00
7.288146e+03,3.198225e+03,-1.520217e+00,4.181754e-01,3.136863e-02,-3.081790e+00
7.297383e+03,3.202320e+03,-1.551907e+00,4.187828e-01,3.470438e-02,-3.086563e+00
7.306620e+03,3.206418e+03,-1.611655e+00,4.194425e-01,3.765488e-02,-3.091566e+00
7.315855e+03,3.210519e+03,-1.692164e+00,4.201417e-01,4.011262e-02,-3.096513e+00
7.325092e+03,3.214623e+03,-1.798877e+00,4.208725e-01,4.204100e-02,-3.101432e+00
7.334329e+03,3.218732e+03,-1.930661e+00,4.216167e-01,4.346834e-02,-3.106270e+00
7.343567e+03,3.222844e+03,-2.082788e+00,4.223519e-01,4.444534e-02,-3.110905e+00
7.352805e+03,3.226961e+03,-2.250922e+00,4.230589e-01,4.501411e-02,-3.115255e+00
7.362043e+03,3.231080e+03,-2.417750e+00,4.237255e-01,4.514394e-02,-3.119392e+00
7.371280e+03,3.235204e+03,-2.570833e+00,4.243467e-01,4.481613e-02,-3.123413e+00
7.380515e+03,3.239330e+03,-2.704338e+00,4.249166e-01,4.408009e-02,-3.127352e+00
7.389748e+03,3.243460e+03,-2.814425e+00,4.254235e-01,4.305210e-02,-3.131053e+00
7.398978e+03,3.247592e+03,-2.901818e+00,4.258533e-01,4.197604e-02,-3.134293e+00
7.408206e+03,3.251727e+03,-2.983559e+00,4.262007e-01,4.085550e-02,-3.137235e+00
7.417433e+03,3.255864e+03,-3.051725e+00,4.264579e-01,3.962833e-02,-3.139745e+00
7.426657e+03,3.260003e+03,-3.101578e+00,4.266226e-01,3.835757e-02,3.141398e+00
7.435880e+03,3.264145e+03,-3.138369e+00,4.266968e-01,3.715318e-02,3.139792e+00
7.445101e+03,3.268288e+03,-3.163460e+00,4.266814e-01,3.604402e-02,3.138618e+00
7.454322e+03,3.272432e+03,-3.180591e+00,4.265742e-01,3.496477e-02,3.137881e+00
7.463542e+03,3.276578e+03,-3.175967e+00,4.263754e-01,3.380235e-02,3.137448e+00
7.472763e+03,3.280724e+03,-3.150602e+00,4.260875e-01,3.244012e-02,3.137303e+00
7.481984e+03,3.284872e+03,-3.119743e+00,4.257154e-01,3.092160e-02,3.137590e+00
7.491206e+03,3.289020e+03,-3.077928e+00,4.252727e-01,2.940201e-02,3.138117e+00
7.500427e+03,3.293167e+03,-3.023953e+00,4.247709e-01,2.801083e-02,3.138825e+00
7.509649e+03,3.297314e+03,-2.968044e+00,4.242193e-01,2.690711e-02,3.139743e+00
7.518870e+03,3.301460e+03,-2.911931e+00,4.236284e-01,2.615256e-02,3.140608e+00
7.528091e+03,3.305605e+03,-2.857369e+00,4.230040e-01,2.575705e-02,3.141194e+00
7.537311e+03,3.309747e+03,-2.790676e+00,4.223469e-01,2.573432e-02,-3.141475e+00
7.546529e+03,3.313887e+03,-2.709723e+00,4.216657e-01,2.610746e-02,-3.140967e+00
7.555746e+03,3.318025e+03,-2.622537e+00,4.209781e-01,2.692559e-02,-3.140705e+00
7.564961e+03,3.322160e+03,-2.535087e+00,4.203009e-01,2.820169e-02,-3.140751e+00
7.574177e+03,3.326292e+03,-2.465786e+00,4.196559e-01,2.990996e-02,-3.141508e+00
7.583393e+03,3.330422e+03,-2.425867e+00,4.190614e-01,3.198269e-02,3.140042e+00
7.592611e+03,3.334550e+03,-2.418842e+00,4.185328e-01,3.430050e-02,3.137440e+00
7.601830e+03,3.338677e+03,-2.447161e+00,4.180843e-01,3.671339e-02,3.133591e+00
7.611052e+03,3.342802e+03,-2.509502e+00,4.177136e-01,3.916199e-02,3.128965e+00
7.620274e+03,3.346926e+03,-2.605355e+00,4.174136e-01,4.154138e-02,3.124043e+00
7.629497e+03,3.351048e+03,-2.722768e+00,4.171750e-01,4.365710e-02,3.119267e+00
7.638721e+03,3.355169e+03,-2.847996e+00,4.169870e-01,4.530085e-02,3.114975e+00
7.647946e+03,3.359289e+03,-2.979331e+00,4.168408e-01,4.634057e-02,3.111149e+00
7.657171e+03,3.363407e+03,-3.104824e+00,4.167270e-01,4.672724e-02,3.107766e+00
7.666397e+03,3.367524e+03,-3.220728e+00,4.166342e-01,4.650637e-02,3.104768e+00
7.675625e+03,3.371641e+03,-3.322519e+00,4.165515e-01,4.575155e-02,3.102093e+00
7.684853e+03,3.375756e+03,-3.406251e+00,4.164698e-01,4.453794e-02,3.099779e+00
7.694083e+03,3.379870e+03,-3.468710e+00,4.163884e-01,4.285658e-02,3.097688e+00
7.703314e+03,3.383982e+03,-3.502931e+00,4.163113e-01,4.078000e-02,3.095908e+00
7.712546e+03,3.388093e+03,-3.503093e+00,4.162414e-01,3.842627e-02,3.094541e+00
7.721780e+03,3.392203e+03,-3.484087e+00,4.161675e-01,3.599713e-02,3.093958e+00
7.731014e+03,3.396312e+03,-3.448665e+00,4.160772e-01,3.350274e-02,3.094521e+00
7.740250e+03,3.400420e+03,-3.396726e+00,4.159666e-01,3.105692e-02,3.096319e+00
7.749485e+03,3.404525e+03,-3.327292e+00,4.158435e-01,2.886525e-02,3.099022e+00
7.758721e+03,3.408628e+03,-3.234047e+00,4.157205e-01,2.707704e-02,3.102169e+00
7.767957e+03,3.412730e+03,-3.126524e+00,4.155945e-01,2.537568e-02,3.105618e+00
7.777193e+03,3.416829e+03,-2.999227e+00,4.154698e-01,2.375918e-02,3.109288e+00
7.786429e+03,3.420927e+03,-2.855401e+00,4.153461e-01,2.224123e-02,3.113171e+00
7.795666e+03,3.425023e+03,-2.700666e+00,4.152185e-01,2.074986e-02,3.117268e+00
7.804904e+03,3.429118e+03,-2.538644e+00,4.150836e-01,1.921867e-02,3.121556e+00
7.814144e+03,3.433212e+03,-2.363725e+00,4.149482e-01,1.785375e-02,3.125878e+00
7.823386e+03,3.437304e+03,-2.187256e+00,4.148140e-01,1.680646e-02,3.130318e+00
7.832628e+03,3.441395e+03,-2.009973e+00,4.146839e-01,1.615164e-02,3.134868e+00
7.841872e+03,3.445484e+03,-1.844031e+00,4.145628e-01,1.594554e-02,3.139256e+00
7.851117e+03,3.449571e+03,-1.690568e+00,4.144506e-01,1.621095e-02,-3.139627e+00
7.860361e+03,3.453656e+03,-1.551376e+00,4.143478e-01,1.692306e-02,-3.135403e+00
7.869606e+03,3.457740e+03,-1.429169e+00,4.142601e-01,1.803409e-02,-3.131446e+00
7.878851e+03,3.461821e+03,-1.326756e+00,4.141974e-01,1.950505e-02,-3.127967e+00
7.888096e+03,3.465901e+03,-1.247269e+00,4.141719e-01,2.131392e-02,-3.125154e+00
7.897339e+03,3.469979e+03,-1.194151e+00,4.141967e-01,2.344018e-02,-3.123152e+00
7.906582e+03,3.474055e+03,-1.170796e+00,4.142839e-01,2.584679e-02,-3.122056e+00
7.915824e+03,3.478131e+03,-1.177315e+00,4.144422e-01,2.851162e-02,-3.121778e+00
7.925067e+03,3.482205e+03,-1.217545e+00,4.146795e-01,3.135314e-02,-3.122147e+00
7.934311e+03,3.486280e+03,-1.294390e+00,4.150020e-01,3.427765e-02,-3.123160e+00
7.943555e+03,3.490356e+03,-1.400965e+00,4.154043e-01,3.716121e-02,-3.124640e+00
7.952799e+03,3.494432e+03,-1.537320e+00,4.158797e-01,3.991677e-02,-3.126687e+00
7.962044e+03,3.498511e+03,-1.702788e+00,4.164149e-01,4.238092e-02,-3.129242e+00
7.971289e+03,3.502591e+03,-1.881440e+00,4.169831e-01,4.434518e-02,-3.131607e+00
7.980533e+03,3.506674e+03,-2.064386e+00,4.175598e-01,4.566351e-02,-3.133406e+00
7.989776e+03,3.510759e+03,-2.246181e+00,4.181215e-01,4.627274e-02,-3.134463e+00
7.999019e+03,3.514847e+03,-2.420698e+00,4.186458e-01,4.617902e-02,-3.134687e+00
8.008261e+03,3.518938e+03,-2.584274e+00,4.191176e-01,4.548311e-02,-3.134286e+00
8.017503e+03,3.523031e+03,-2.733884e+00,4.195275e-01,4.425844e-02,-3.133453e+00
8.026746e+03,3.527128e+03,-2.875107e+00,4.198710e-01,4.241984e-02,-3.132071e+00
8.035991e+03,3.531227e+03,-2.997355e+00,4.201540e-01,3.996831e-02,-3.130291e+00
8.045235e+03,3.535328e+03,-3.086858e+00,4.203851e-01,3.727309e-02,-3.128407e+00
8.054480e+03,3.539430e+03,-3.139637e+00,4.205677e-01,3.446016e-02,-3.126501e+00
8.063724e+03,3.543534e+03,-3.156162e+00,4.207046e-01,3.156142e-02,-3.124720e+00
8.072967e+03,3.547639e+03,-3.138266e+00,4.207959e-01,2.876620e-02,-3.123107e+00
8.082208e+03,3.551744e+03,-3.091821e+00,4.208419e-01,2.636665e-02,-3.121684e+00
8.091447e+03,3.555850e+03,-3.010995e+00,4.208465e-01,2.423828e-02,-3.120461e+00
8.100686e+03,3.559957e+03,-2.916808e+00,4.208221e-01,2.246874e-02,-3.119690e+00
8.109923e+03,3.564064e+03,-2.821019e+00,4.207775e-01,2.109780e-02,-3.119545e+00
8.119160e+03,3.568172e+03,-2.726843e+00,4.207146e-01,2.011790e-02,-3.120072e+00
8.128395e+03,3.572281e+03,-2.637276e+00,4.206316e-01,1.948897e-02,-3.121255e+00
8.137629e+03,3.576390e+03,-2.554356e+00,4.205254e-01,1.915497e-02,-3.123054e+00
8.146864e+03,3.580499e+03,-2.479418e+00,4.203943e-01,1.907245e-02,-3.125340e+00
8.156099e+03,3.584609e+03,-2.413103e+00,4.202370e-01,1.924226e-02,-3.127950e+00
8.165333e+03,3.588719e+03,-2.342066e+00,4.200472e-01,1.969187e-02,-3.130595e+00
8.174568e+03,3.592829e+03,-2.276858e+00,4.198239e-01,2.046066e-02,-3.133288e+00
8.183803e+03,3.596939e+03,-2.225072e+00,4.195665e-01,2.155782e-02,-3.136011e+00
8.193039e+03,3.601049e+03,-2.188680e+00,4.192770e-01,2.294919e-02,-3.138723e+00
8.202275e+03,3.605158e+03,-2.169042e+00,4.189623e-01,2.459145e-02,-3.141474e+00
8.211510e+03,3.609266e+03,-2.167615e+00,4.186329e-01,2.645498e-02,3.138834e+00
8.220746e+03,3.613372e+03,-2.186426e+00,4.183014e-01,2.852357e-02,3.135736e+00
8.229981e+03,3.617478e+03,-2.227934e+00,4.179803e-01,3.077482e-02,3.132325e+00
8.239215e+03,3.621582e+03,-2.294549e+00,4.176809e-01,3.316353e-02,3.128504e+00
8.248449e+03,3.625684e+03,-2.388123e+00,4.174144e-01,3.562586e-02,3.124194e+00
8.257683e+03,3.629786e+03,-2.498540e+00,4.171919e-01,3.811189e-02,3.119529e+00
8.266916e+03,3.633886e+03,-2.620694e+00,4.170214e-01,4.055850e-02,3.114689e+00
8.276151e+03,3.637985e+03,-2.766337e+00,4.169052e-01,4.292090e-02,3.109590e+00
8.285386e+03,3.642083e+03,-2.923777e+00,4.168349e-01,4.507393e-02,3.104643e+00
8.294620e+03,3.646180e+03,-3.079489e+00,4.167935e-01,4.683012e-02,3.100340e+00
8.303855e+03,3.650276e+03,-3.228199e+00,4.167613e-01,4.806192e-02,3.096912e+00
8.313090e+03,3.654371e+03,-3.376475e+00,4.167200e-01,4.873291e-02,3.094259e+00
8.322326e+03,3.658466e+03,-3.518994e+00,4.166531e-01,4.877529e-02,3.092331e+00
8.331561e+03,3.662560e+03,-3.655081e+00,4.165430e-01,4.834066e-02,3.091381e+00
8.340797e+03,3.666654e+03,-3.776814e+00,4.163795e-01,4.752636e-02,3.091379e+00
8.350033e+03,3.670747e+03,-3.877839e+00,4.161520e-01,4.620341e-02,3.092125e+00
8.359269e+03,3.674840e+03,-3.960691e+00,4.158512e-01,4.434884e-02,3.093662e+00
8.368507e+03,3.678931e+03,-4.017288e+00,4.154902e-01,4.211966e-02,3.095682e+00
8.377746e+03,3.683021e+03,-4.042391e+00,4.150799e-01,3.954438e-02,3.098063e+00
8.386986e+03,3.687109e+03,-4.034833e+00,4.146324e-01,3.682852e-02,3.100679e+00
8.396228e+03,3.691196e+03,-4.000155e+00,4.141509e-01,3.396071e-02,3.103563e+00
8.405472e+03,3.695281e+03,-3.935826e+00,4.136415e-01,3.090518e-02,3.106678e+00
8.414716e+03,3.699362e+03,-3.837641e+00,4.131206e-01,2.786178e-02,3.109816e+00
8.423961e+03,3.703441e+03,-3.703064e+00,4.126045e-01,2.498509e-02,3.112779e+00
8.433206e+03,3.707517e+03,-3.537480e+00,4.121093e-01,2.254879e-02,3.115380e+00
8.442452e+03,3.711589e+03,-3.343482e+00,4.116480e-01,2.057442e-02,3.117506e+00
8.451696e+03,3.715658e+03,-3.129981e+00,4.112297e-01,1.910591e-02,3.119164e+00
8.460941e+03,3.719724e+03,-2.904416e+00,4.108586e-01,1.816855e-02,3.120447e+00
8.470186e+03,3.723788e+03,-2.691310e+00,4.105325e-01,1.771460e-02,3.121402e+00
8.479432e+03,3.727850e+03,-2.493213e+00,4.102563e-01,1.765511e-02,3.121947e+00
8.488679e+03,3.731909e+03,-2.312050e+00,4.100357e-01,1.794124e-02,3.122086e+00
8.497927e+03,3.735968e+03,-2.150498e+00,4.098696e-01,1.855304e-02,3.122087e+00
8.507176e+03,3.740024e+03,-2.010199e+00,4.097544e-01,1.948783e-02,3.122081e+00
8.516427e+03,3.744079e+03,-1.892597e+00,4.096868e-01,2.072174e-02,3.122001e+00
8.525680e+03,3.748133e+03,-1.799816e+00,4.096659e-01,2.219427e-02,3.121638e+00
8.534934e+03,3.752186e+03,-1.733611e+00,4.096931e-01,2.384307e-02,3.120739e+00
8.544190e+03,3.756238e+03,-1.694037e+00,4.097699e-01,2.564359e-02,3.119187e+00
8.553447e+03,3.760288e+03,-1.679440e+00,4.098955e-01,2.760779e-02,3.117092e+00
8.562704e+03,3.764337e+03,-1.689945e+00,4.100662e-01,2.972653e-02,3.114822e+00
8.571960e+03,3.768385e+03,-1.727297e+00,4.102811e-01,3.194168e-02,3.112465e+00
8.581217e+03,3.772432e+03,-1.792484e+00,4.105429e-01,3.417519e-02,3.109944e+00
8.590474e+03,3.776479e+03,-1.876526e+00,4.108570e-01,3.638149e-02,3.107311e+00
8.599730e+03,3.780524e+03,-1.980540e+00,4.112267e-01,3.853205e-02,3.104647e+00
8.608987e+03,3.784570e+03,-2.109083e+00,4.116526e-01,4.060254e-02,3.102000e+00
8.618244e+03,3.788616e+03,-2.256233e+00,4.121295e-01,4.256504e-02,3.099564e+00
8.627501e+03,3.792662e+03,-2.423279e+00,4.126449e-01,4.431028e-02,3.097507e+00
8.636760e+03,3.796710e+03,-2.601607e+00,4.131843e-01,4.571089e-02,3.095886e+00
8.646018e+03,3.800759e+03,-2.783855e+00,4.137221e-01,4.660015e-02,3.095003e+00
8.655277e+03,3.804809e+03,-2.955834e+00,4.142273e-01,4.688946e-02,3.095182e+00
8.664534e+03,3.808860e+03,-3.113042e+00,4.146771e-01,4.665718e-02,3.096211e+00
8.673792e+03,3.812913e+03,-3.259336e+00,4.150418e-01,4.586080e-02,3.098325e+00
8.683048e+03,3.816968e+03,-3.390484e+00,4.153031e-01,4.449020e-02,3.101545e+00
8.692306e+03,3.821026e+03,-3.515434e+00,4.154463e-01,4.252271e-02,3.105744e+00
8.701565e+03,3.825085e+03,-3.626218e+00,4.154684e-01,3.988681e-02,3.110852e+00
8.710824e+03,3.829147e+03,-3.707032e+00,4.153790e-01,3.679811e-02,3.116607e+00
8.720083e+03,3.833208e+03,-3.756770e+00,4.151850e-01,3.348220e-02,3.122860e+00
8.729344e+03,3.837271e+03,-3.775811e+00,4.148905e-01,2.997116e-02,3.129570e+00
8.738605e+03,3.841333e+03,-3.758127e+00,4.145077e-01,2.630258e-02,3.136529e+00
8.747868e+03,3.845395e+03,-3.703474e+00,4.140530e-01,2.249369e-02,-3.139615e+00
8.757131e+03,3.849455e+03,-3.617673e+00,4.135500e-01,1.889845e-02,-3.132862e+00
8.766394e+03,3.853514e+03,-3.494088e+00,4.130182e-01,1.567707e-02,-3.126605e+00
8.775657e+03,3.857571e+03,-3.335995e+00,4.124752e-01,1.298149e-02,-3.121070e+00
8.784919e+03,3.861625e+03,-3.144364e+00,4.119345e-01,1.076504e-02,-3.116280e+00
8.794180e+03,3.865678e+03,-2.925134e+00,4.114075e-01,9.107609e-03,-3.112228e+00
8.803440e+03,3.869729e+03,-2.690765e+00,4.109088e-01,8.129322e-03,-3.109091e+00
8.812699e+03,3.873778e+03,-2.462104e+00,4.104586e-01,7.878690e-03,-3.107262e+00
8.821959e+03,3.877824e+03,-2.245731e+00,4.100681e-01,8.227772e-03,-3.106640e+00
8.831218e+03,3.881870e+03,-2.046097e+00,4.097469e-01,9.108653e-03,-3.107147e+00
8.840477e+03,3.885914e+03,-1.867142e+00,4.094996e-01,1.046356e-02,-3.108679e+00
8.849736e+03,3.889957e+03,-1.712098e+00,4.093245e-01,1.222116e-02,-3.111070e+00
8.858996e+03,3.893999e+03,-1.583920e+00,4.092175e-01,1.428871e-02,-3.114173e+00
8.868258e+03,3.898041e+03,-1.486007e+00,4.091773e-01,1.656427e-02,-3.118063e+00
8.877521e+03,3.902083e+03,-1.419062e+00,4.092003e-01,1.900314e-02,-3.122860e+00
8.886785e+03,3.906125e+03,-1.381688e+00,4.092792e-01,2.159984e-02,-3.128500e+00
8.896050e+03,3.910166e+03,-1.373453e+00,4.094063e-01,2.431002e-02,-3.134763e+00
8.905314e+03,3.914207e+03,-1.394636e+00,4.095742e-01,2.708189e-02,-3.141306e+00
